year,month,iod,date
1870,1,2025.0,1870-01-01
1870,1,-0.438,1870-01-01
1870,2,-0.336,1870-02-01
1870,3,0.177,1870-03-01
1870,4,-0.048,1870-04-01
1870,5,-0.48,1870-05-01
1870,6,-0.548,1870-06-01
1870,7,-0.65,1870-07-01
1870,8,-0.522,1870-08-01
1870,9,-0.728,1870-09-01
1870,10,-0.636,1870-10-01
1870,11,-0.401,1870-11-01
1870,12,-0.375,1870-12-01
1871,1,-0.273,1871-01-01
1871,2,-0.17,1871-02-01
1871,3,-0.212,1871-03-01
1871,4,-0.148,1871-04-01
1871,5,-0.115,1871-05-01
1871,6,-0.163,1871-06-01
1871,7,-0.444,1871-07-01
1871,8,-0.375,1871-08-01
1871,9,-0.336,1871-09-01
1871,10,-0.527,1871-10-01
1871,11,-0.217,1871-11-01
1871,12,-0.228,1871-12-01
1872,1,-0.037,1872-01-01
1872,2,0.041,1872-02-01
1872,3,-0.076,1872-03-01
1872,4,-0.084,1872-04-01
1872,5,-0.148,1872-05-01
1872,6,-0.084,1872-06-01
1872,7,-0.285,1872-07-01
1872,8,-0.325,1872-08-01
1872,9,-0.333,1872-09-01
1872,10,-0.27,1872-10-01
1872,11,-0.106,1872-11-01
1872,12,-0.111,1872-12-01
1873,1,0.062,1873-01-01
1873,2,-0.319,1873-02-01
1873,3,-0.404,1873-03-01
1873,4,-0.272,1873-04-01
1873,5,-0.411,1873-05-01
1873,6,-0.587,1873-06-01
1873,7,-0.689,1873-07-01
1873,8,-0.8,1873-08-01
1873,9,-0.694,1873-09-01
1873,10,-0.479,1873-10-01
1873,11,-0.353,1873-11-01
1873,12,-0.303,1873-12-01
1874,1,-0.381,1874-01-01
1874,2,-0.388,1874-02-01
1874,3,-0.586,1874-03-01
1874,4,-0.754,1874-04-01
1874,5,-0.441,1874-05-01
1874,6,-0.465,1874-06-01
1874,7,-0.338,1874-07-01
1874,8,-0.345,1874-08-01
1874,9,-0.814,1874-09-01
1874,10,-1.158,1874-10-01
1874,11,-0.603,1874-11-01
1874,12,-0.79,1874-12-01
1875,1,-0.45,1875-01-01
1875,2,-0.186,1875-02-01
1875,3,-0.098,1875-03-01
1875,4,0.029,1875-04-01
1875,5,-0.134,1875-05-01
1875,6,-0.094,1875-06-01
1875,7,-0.511,1875-07-01
1875,8,-0.248,1875-08-01
1875,9,-0.397,1875-09-01
1875,10,-0.658,1875-10-01
1875,11,-0.891,1875-11-01
1875,12,-0.46,1875-12-01
1876,1,-0.361,1876-01-01
1876,2,-0.504,1876-02-01
1876,3,-0.402,1876-03-01
1876,4,-0.476,1876-04-01
1876,5,-0.471,1876-05-01
1876,6,-0.424,1876-06-01
1876,7,-0.391,1876-07-01
1876,8,-0.267,1876-08-01
1876,9,-0.079,1876-09-01
1876,10,-0.213,1876-10-01
1876,11,-0.358,1876-11-01
1876,12,-0.297,1876-12-01
1877,1,-0.311,1877-01-01
1877,2,0.367,1877-02-01
1877,3,0.13,1877-03-01
1877,4,-0.28,1877-04-01
1877,5,-0.684,1877-05-01
1877,6,-0.49,1877-06-01
1877,7,-0.588,1877-07-01
1877,8,0.214,1877-08-01
1877,9,0.52,1877-09-01
1877,10,0.417,1877-10-01
1877,11,0.558,1877-11-01
1877,12,0.154,1877-12-01
1878,1,-0.261,1878-01-01
1878,2,-0.398,1878-02-01
1878,3,-0.016,1878-03-01
1878,4,-0.085,1878-04-01
1878,5,-0.355,1878-05-01
1878,6,-0.311,1878-06-01
1878,7,-0.383,1878-07-01
1878,8,-0.272,1878-08-01
1878,9,-0.208,1878-09-01
1878,10,-0.674,1878-10-01
1878,11,-0.461,1878-11-01
1878,12,-0.47,1878-12-01
1879,1,-0.429,1879-01-01
1879,2,-0.417,1879-02-01
1879,3,-0.453,1879-03-01
1879,4,-0.541,1879-04-01
1879,5,-0.513,1879-05-01
1879,6,-0.274,1879-06-01
1879,7,-0.374,1879-07-01
1879,8,-0.64,1879-08-01
1879,9,-0.591,1879-09-01
1879,10,-0.789,1879-10-01
1879,11,-0.761,1879-11-01
1879,12,-0.606,1879-12-01
1880,1,-0.463,1880-01-01
1880,2,-0.262,1880-02-01
1880,3,-0.327,1880-03-01
1880,4,0.002,1880-04-01
1880,5,-0.14,1880-05-01
1880,6,-0.299,1880-06-01
1880,7,-0.528,1880-07-01
1880,8,-0.586,1880-08-01
1880,9,-0.574,1880-09-01
1880,10,-0.755,1880-10-01
1880,11,-0.553,1880-11-01
1880,12,-0.348,1880-12-01
1881,1,-0.174,1881-01-01
1881,2,-0.507,1881-02-01
1881,3,-0.349,1881-03-01
1881,4,-0.45,1881-04-01
1881,5,-0.14,1881-05-01
1881,6,0.18,1881-06-01
1881,7,-0.116,1881-07-01
1881,8,-0.077,1881-08-01
1881,9,-0.299,1881-09-01
1881,10,-0.462,1881-10-01
1881,11,-0.376,1881-11-01
1881,12,-0.496,1881-12-01
1882,1,-0.557,1882-01-01
1882,2,-0.68,1882-02-01
1882,3,-0.149,1882-03-01
1882,4,-0.134,1882-04-01
1882,5,-0.068,1882-05-01
1882,6,-0.071,1882-06-01
1882,7,-0.233,1882-07-01
1882,8,-0.497,1882-08-01
1882,9,-0.652,1882-09-01
1882,10,-0.51,1882-10-01
1882,11,-0.377,1882-11-01
1882,12,-0.431,1882-12-01
1883,1,-0.705,1883-01-01
1883,2,-0.207,1883-02-01
1883,3,-0.303,1883-03-01
1883,4,-0.126,1883-04-01
1883,5,-0.19,1883-05-01
1883,6,-0.084,1883-06-01
1883,7,-0.288,1883-07-01
1883,8,-0.124,1883-08-01
1883,9,-0.502,1883-09-01
1883,10,-0.348,1883-10-01
1883,11,-0.36,1883-11-01
1883,12,-0.325,1883-12-01
1884,1,-0.408,1884-01-01
1884,2,-0.183,1884-02-01
1884,3,-0.312,1884-03-01
1884,4,0.075,1884-04-01
1884,5,0.249,1884-05-01
1884,6,-0.203,1884-06-01
1884,7,-0.003,1884-07-01
1884,8,-0.306,1884-08-01
1884,9,-0.471,1884-09-01
1884,10,-0.368,1884-10-01
1884,11,-0.474,1884-11-01
1884,12,-0.417,1884-12-01
1885,1,-0.463,1885-01-01
1885,2,-0.09,1885-02-01
1885,3,-0.169,1885-03-01
1885,4,-0.198,1885-04-01
1885,5,-0.199,1885-05-01
1885,6,-0.13,1885-06-01
1885,7,-0.218,1885-07-01
1885,8,-0.23,1885-08-01
1885,9,-0.351,1885-09-01
1885,10,-0.218,1885-10-01
1885,11,-0.475,1885-11-01
1885,12,-0.385,1885-12-01
1886,1,-0.614,1886-01-01
1886,2,-0.766,1886-02-01
1886,3,-0.455,1886-03-01
1886,4,-0.282,1886-04-01
1886,5,-0.445,1886-05-01
1886,6,-0.347,1886-06-01
1886,7,-0.725,1886-07-01
1886,8,-0.918,1886-08-01
1886,9,-0.988,1886-09-01
1886,10,-0.897,1886-10-01
1886,11,-0.684,1886-11-01
1886,12,-0.56,1886-12-01
1887,1,-0.459,1887-01-01
1887,2,-0.389,1887-02-01
1887,3,-0.282,1887-03-01
1887,4,-0.258,1887-04-01
1887,5,-0.291,1887-05-01
1887,6,-0.171,1887-06-01
1887,7,-0.232,1887-07-01
1887,8,-0.009,1887-08-01
1887,9,-0.285,1887-09-01
1887,10,-0.517,1887-10-01
1887,11,-0.289,1887-11-01
1887,12,-0.295,1887-12-01
1888,1,-0.34,1888-01-01
1888,2,-0.603,1888-02-01
1888,3,-0.733,1888-03-01
1888,4,-0.862,1888-04-01
1888,5,-0.504,1888-05-01
1888,6,-0.424,1888-06-01
1888,7,-0.449,1888-07-01
1888,8,-0.37,1888-08-01
1888,9,-0.526,1888-09-01
1888,10,-0.436,1888-10-01
1888,11,-0.553,1888-11-01
1888,12,-0.452,1888-12-01
1889,1,-0.663,1889-01-01
1889,2,-0.246,1889-02-01
1889,3,-0.653,1889-03-01
1889,4,-0.818,1889-04-01
1889,5,-0.664,1889-05-01
1889,6,-0.562,1889-06-01
1889,7,-0.516,1889-07-01
1889,8,-0.664,1889-08-01
1889,9,-0.912,1889-09-01
1889,10,-1.139,1889-10-01
1889,11,-0.87,1889-11-01
1889,12,-0.41,1889-12-01
1890,1,-0.105,1890-01-01
1890,2,-0.066,1890-02-01
1890,3,-0.198,1890-03-01
1890,4,-0.202,1890-04-01
1890,5,-0.336,1890-05-01
1890,6,-0.769,1890-06-01
1890,7,-0.917,1890-07-01
1890,8,-0.706,1890-08-01
1890,9,-1.091,1890-09-01
1890,10,-1.167,1890-10-01
1890,11,-0.906,1890-11-01
1890,12,-0.583,1890-12-01
1891,1,-0.319,1891-01-01
1891,2,-0.573,1891-02-01
1891,3,-0.612,1891-03-01
1891,4,-0.286,1891-04-01
1891,5,-0.325,1891-05-01
1891,6,-0.1,1891-06-01
1891,7,-0.302,1891-07-01
1891,8,-0.006,1891-08-01
1891,9,-0.068,1891-09-01
1891,10,-0.117,1891-10-01
1891,11,-0.13,1891-11-01
1891,12,0.068,1891-12-01
1892,1,-0.233,1892-01-01
1892,2,-0.323,1892-02-01
1892,3,-0.208,1892-03-01
1892,4,-0.318,1892-04-01
1892,5,-0.286,1892-05-01
1892,6,-0.486,1892-06-01
1892,7,-0.659,1892-07-01
1892,8,-1.041,1892-08-01
1892,9,-1.181,1892-09-01
1892,10,-0.815,1892-10-01
1892,11,-0.454,1892-11-01
1892,12,-0.496,1892-12-01
1893,1,-0.446,1893-01-01
1893,2,-0.469,1893-02-01
1893,3,-0.413,1893-03-01
1893,4,-0.583,1893-04-01
1893,5,-0.523,1893-05-01
1893,6,-0.527,1893-06-01
1893,7,-0.549,1893-07-01
1893,8,-0.757,1893-08-01
1893,9,-0.692,1893-09-01
1893,10,-0.796,1893-10-01
1893,11,-0.518,1893-11-01
1893,12,-0.364,1893-12-01
1894,1,-0.077,1894-01-01
1894,2,-0.261,1894-02-01
1894,3,-0.263,1894-03-01
1894,4,-0.316,1894-04-01
1894,5,-0.213,1894-05-01
1894,6,-0.095,1894-06-01
1894,7,-0.179,1894-07-01
1894,8,0.125,1894-08-01
1894,9,-0.329,1894-09-01
1894,10,-0.326,1894-10-01
1894,11,-0.276,1894-11-01
1894,12,-0.251,1894-12-01
1895,1,-0.183,1895-01-01
1895,2,-0.057,1895-02-01
1895,3,-0.108,1895-03-01
1895,4,-0.177,1895-04-01
1895,5,-0.157,1895-05-01
1895,6,-0.105,1895-06-01
1895,7,-0.411,1895-07-01
1895,8,-0.071,1895-08-01
1895,9,-0.306,1895-09-01
1895,10,-0.155,1895-10-01
1895,11,-0.481,1895-11-01
1895,12,-0.372,1895-12-01
1896,1,-0.386,1896-01-01
1896,2,-0.587,1896-02-01
1896,3,-0.562,1896-03-01
1896,4,-0.293,1896-04-01
1896,5,-0.217,1896-05-01
1896,6,-0.156,1896-06-01
1896,7,-0.1,1896-07-01
1896,8,-0.132,1896-08-01
1896,9,-0.012,1896-09-01
1896,10,0.302,1896-10-01
1896,11,0.04,1896-11-01
1896,12,0.097,1896-12-01
1897,1,-0.184,1897-01-01
1897,2,-0.314,1897-02-01
1897,3,-0.284,1897-03-01
1897,4,-0.177,1897-04-01
1897,5,-0.184,1897-05-01
1897,6,-0.252,1897-06-01
1897,7,-0.245,1897-07-01
1897,8,-0.221,1897-08-01
1897,9,-0.56,1897-09-01
1897,10,-1.125,1897-10-01
1897,11,-0.904,1897-11-01
1897,12,-0.744,1897-12-01
1898,1,-0.549,1898-01-01
1898,2,-0.445,1898-02-01
1898,3,-0.331,1898-03-01
1898,4,-0.378,1898-04-01
1898,5,-0.494,1898-05-01
1898,6,-0.432,1898-06-01
1898,7,-0.823,1898-07-01
1898,8,-0.819,1898-08-01
1898,9,-0.889,1898-09-01
1898,10,-0.916,1898-10-01
1898,11,-0.661,1898-11-01
1898,12,-0.473,1898-12-01
1899,1,-0.419,1899-01-01
1899,2,-0.293,1899-02-01
1899,3,-0.176,1899-03-01
1899,4,-0.129,1899-04-01
1899,5,-0.091,1899-05-01
1899,6,-0.375,1899-06-01
1899,7,-0.573,1899-07-01
1899,8,-0.452,1899-08-01
1899,9,-0.934,1899-09-01
1899,10,-0.428,1899-10-01
1899,11,-0.438,1899-11-01
1899,12,-0.743,1899-12-01
1900,1,-0.469,1900-01-01
1900,2,-0.293,1900-02-01
1900,3,-0.464,1900-03-01
1900,4,-0.319,1900-04-01
1900,5,-0.159,1900-05-01
1900,6,-0.042,1900-06-01
1900,7,-0.319,1900-07-01
1900,8,-0.49,1900-08-01
1900,9,-0.538,1900-09-01
1900,10,-0.429,1900-10-01
1900,11,-0.196,1900-11-01
1900,12,-0.633,1900-12-01
1901,1,-0.54,1901-01-01
1901,2,-0.868,1901-02-01
1901,3,-0.72,1901-03-01
1901,4,-0.514,1901-04-01
1901,5,-0.553,1901-05-01
1901,6,-0.618,1901-06-01
1901,7,-0.713,1901-07-01
1901,8,-0.825,1901-08-01
1901,9,-1.029,1901-09-01
1901,10,-0.774,1901-10-01
1901,11,-0.741,1901-11-01
1901,12,-0.681,1901-12-01
1902,1,-0.473,1902-01-01
1902,2,-0.453,1902-02-01
1902,3,-0.251,1902-03-01
1902,4,0.051,1902-04-01
1902,5,-0.042,1902-05-01
1902,6,-0.09,1902-06-01
1902,7,-0.07,1902-07-01
1902,8,0.333,1902-08-01
1902,9,0.209,1902-09-01
1902,10,-0.238,1902-10-01
1902,11,-0.047,1902-11-01
1902,12,-0.266,1902-12-01
1903,1,-0.479,1903-01-01
1903,2,-0.571,1903-02-01
1903,3,-0.364,1903-03-01
1903,4,-0.628,1903-04-01
1903,5,-0.267,1903-05-01
1903,6,-0.335,1903-06-01
1903,7,-0.614,1903-07-01
1903,8,-0.452,1903-08-01
1903,9,-0.69,1903-09-01
1903,10,-1.036,1903-10-01
1903,11,-0.628,1903-11-01
1903,12,-0.441,1903-12-01
1904,1,-0.219,1904-01-01
1904,2,-0.234,1904-02-01
1904,3,-0.219,1904-03-01
1904,4,-0.029,1904-04-01
1904,5,-0.258,1904-05-01
1904,6,-0.286,1904-06-01
1904,7,-0.287,1904-07-01
1904,8,-0.413,1904-08-01
1904,9,-0.678,1904-09-01
1904,10,-0.237,1904-10-01
1904,11,-0.353,1904-11-01
1904,12,-0.644,1904-12-01
1905,1,-0.601,1905-01-01
1905,2,-0.372,1905-02-01
1905,3,-0.472,1905-03-01
1905,4,-0.468,1905-04-01
1905,5,-0.205,1905-05-01
1905,6,-0.447,1905-06-01
1905,7,-0.275,1905-07-01
1905,8,-0.22,1905-08-01
1905,9,0.024,1905-09-01
1905,10,-0.462,1905-10-01
1905,11,-0.436,1905-11-01
1905,12,-0.56,1905-12-01
1906,1,-0.605,1906-01-01
1906,2,-0.485,1906-02-01
1906,3,-0.51,1906-03-01
1906,4,-0.788,1906-04-01
1906,5,-0.425,1906-05-01
1906,6,-0.39,1906-06-01
1906,7,-0.986,1906-07-01
1906,8,-1.085,1906-08-01
1906,9,-1.634,1906-09-01
1906,10,-1.012,1906-10-01
1906,11,-0.794,1906-11-01
1906,12,-0.349,1906-12-01
1907,1,-0.37,1907-01-01
1907,2,-0.185,1907-02-01
1907,3,-0.051,1907-03-01
1907,4,-0.367,1907-04-01
1907,5,-0.308,1907-05-01
1907,6,-0.345,1907-06-01
1907,7,-0.602,1907-07-01
1907,8,-0.933,1907-08-01
1907,9,-0.526,1907-09-01
1907,10,-0.403,1907-10-01
1907,11,-0.388,1907-11-01
1907,12,-0.221,1907-12-01
1908,1,-0.392,1908-01-01
1908,2,-0.35,1908-02-01
1908,3,-0.251,1908-03-01
1908,4,-0.789,1908-04-01
1908,5,-0.229,1908-05-01
1908,6,0.041,1908-06-01
1908,7,-0.598,1908-07-01
1908,8,-0.46,1908-08-01
1908,9,-0.318,1908-09-01
1908,10,-0.468,1908-10-01
1908,11,-0.508,1908-11-01
1908,12,-0.582,1908-12-01
1909,1,-0.732,1909-01-01
1909,2,-0.501,1909-02-01
1909,3,-0.559,1909-03-01
1909,4,-0.444,1909-04-01
1909,5,-0.802,1909-05-01
1909,6,-0.917,1909-06-01
1909,7,-1.032,1909-07-01
1909,8,-0.986,1909-08-01
1909,9,-0.919,1909-09-01
1909,10,-0.729,1909-10-01
1909,11,-0.424,1909-11-01
1909,12,-0.256,1909-12-01
1910,1,-0.551,1910-01-01
1910,2,-0.169,1910-02-01
1910,3,-0.489,1910-03-01
1910,4,-0.394,1910-04-01
1910,5,-0.531,1910-05-01
1910,6,-0.46,1910-06-01
1910,7,-1.036,1910-07-01
1910,8,-0.821,1910-08-01
1910,9,-1.022,1910-09-01
1910,10,-1.053,1910-10-01
1910,11,-0.682,1910-11-01
1910,12,-0.296,1910-12-01
1911,1,-0.194,1911-01-01
1911,2,-0.486,1911-02-01
1911,3,-0.735,1911-03-01
1911,4,-0.744,1911-04-01
1911,5,-0.436,1911-05-01
1911,6,-0.814,1911-06-01
1911,7,-0.774,1911-07-01
1911,8,-0.586,1911-08-01
1911,9,-0.544,1911-09-01
1911,10,-0.669,1911-10-01
1911,11,-0.229,1911-11-01
1911,12,-0.153,1911-12-01
1912,1,-0.252,1912-01-01
1912,2,-0.302,1912-02-01
1912,3,-0.052,1912-03-01
1912,4,-0.257,1912-04-01
1912,5,-0.061,1912-05-01
1912,6,-0.003,1912-06-01
1912,7,-0.672,1912-07-01
1912,8,-0.767,1912-08-01
1912,9,-0.725,1912-09-01
1912,10,-0.609,1912-10-01
1912,11,-0.734,1912-11-01
1912,12,-0.502,1912-12-01
1913,1,-0.237,1913-01-01
1913,2,-0.136,1913-02-01
1913,3,-0.135,1913-03-01
1913,4,-0.266,1913-04-01
1913,5,-0.187,1913-05-01
1913,6,0.101,1913-06-01
1913,7,-0.338,1913-07-01
1913,8,-0.482,1913-08-01
1913,9,-0.468,1913-09-01
1913,10,-0.135,1913-10-01
1913,11,-0.24,1913-11-01
1913,12,-0.248,1913-12-01
1914,1,-0.288,1914-01-01
1914,2,-0.172,1914-02-01
1914,3,-0.353,1914-03-01
1914,4,-0.238,1914-04-01
1914,5,-0.106,1914-05-01
1914,6,0.554,1914-06-01
1914,7,0.102,1914-07-01
1914,8,-0.024,1914-08-01
1914,9,-0.066,1914-09-01
1914,10,-0.057,1914-10-01
1914,11,-0.558,1914-11-01
1914,12,-0.712,1914-12-01
1915,1,-0.63,1915-01-01
1915,2,-0.688,1915-02-01
1915,3,-0.403,1915-03-01
1915,4,-0.28,1915-04-01
1915,5,-0.495,1915-05-01
1915,6,-0.202,1915-06-01
1915,7,-0.704,1915-07-01
1915,8,-0.44,1915-08-01
1915,9,-0.377,1915-09-01
1915,10,-0.316,1915-10-01
1915,11,-0.227,1915-11-01
1915,12,-0.026,1915-12-01
1916,1,-0.13,1916-01-01
1916,2,-0.03,1916-02-01
1916,3,0.058,1916-03-01
1916,4,0.138,1916-04-01
1916,5,-0.156,1916-05-01
1916,6,-0.398,1916-06-01
1916,7,-0.686,1916-07-01
1916,8,-0.852,1916-08-01
1916,9,-1.268,1916-09-01
1916,10,-0.97,1916-10-01
1916,11,-0.706,1916-11-01
1916,12,-0.28,1916-12-01
1917,1,-0.03,1917-01-01
1917,2,-0.046,1917-02-01
1917,3,-0.092,1917-03-01
1917,4,-0.236,1917-04-01
1917,5,-0.408,1917-05-01
1917,6,-0.341,1917-06-01
1917,7,-0.591,1917-07-01
1917,8,-0.435,1917-08-01
1917,9,-0.872,1917-09-01
1917,10,-1.064,1917-10-01
1917,11,-0.897,1917-11-01
1917,12,-0.67,1917-12-01
1918,1,0.013,1918-01-01
1918,2,0.135,1918-02-01
1918,3,0.107,1918-03-01
1918,4,-0.294,1918-04-01
1918,5,-0.421,1918-05-01
1918,6,-0.203,1918-06-01
1918,7,-0.129,1918-07-01
1918,8,-0.078,1918-08-01
1918,9,-0.0,1918-09-01
1918,10,0.152,1918-10-01
1918,11,0.195,1918-11-01
1918,12,0.057,1918-12-01
1919,1,-0.027,1919-01-01
1919,2,-0.117,1919-02-01
1919,3,-0.27,1919-03-01
1919,4,-0.407,1919-04-01
1919,5,-0.399,1919-05-01
1919,6,-0.356,1919-06-01
1919,7,-0.176,1919-07-01
1919,8,-0.319,1919-08-01
1919,9,-0.22,1919-09-01
1919,10,-0.349,1919-10-01
1919,11,-0.262,1919-11-01
1919,12,-0.406,1919-12-01
1920,1,0.017,1920-01-01
1920,2,0.055,1920-02-01
1920,3,0.139,1920-03-01
1920,4,0.058,1920-04-01
1920,5,0.27,1920-05-01
1920,6,-0.058,1920-06-01
1920,7,-0.59,1920-07-01
1920,8,-0.601,1920-08-01
1920,9,-0.609,1920-09-01
1920,10,-0.446,1920-10-01
1920,11,-0.577,1920-11-01
1920,12,-0.388,1920-12-01
1921,1,-0.296,1921-01-01
1921,2,-0.165,1921-02-01
1921,3,-0.081,1921-03-01
1921,4,-0.189,1921-04-01
1921,5,-0.041,1921-05-01
1921,6,-0.214,1921-06-01
1921,7,-0.441,1921-07-01
1921,8,-0.932,1921-08-01
1921,9,-0.548,1921-09-01
1921,10,-0.474,1921-10-01
1921,11,-0.484,1921-11-01
1921,12,-0.382,1921-12-01
1922,1,-0.382,1922-01-01
1922,2,-0.196,1922-02-01
1922,3,0.079,1922-03-01
1922,4,-0.39,1922-04-01
1922,5,-0.376,1922-05-01
1922,6,-0.068,1922-06-01
1922,7,-0.548,1922-07-01
1922,8,-0.415,1922-08-01
1922,9,-0.511,1922-09-01
1922,10,-0.529,1922-10-01
1922,11,-0.547,1922-11-01
1922,12,-0.304,1922-12-01
1923,1,-0.204,1923-01-01
1923,2,-0.413,1923-02-01
1923,3,-0.282,1923-03-01
1923,4,-0.239,1923-04-01
1923,5,-0.311,1923-05-01
1923,6,-0.102,1923-06-01
1923,7,-0.403,1923-07-01
1923,8,-0.001,1923-08-01
1923,9,0.241,1923-09-01
1923,10,0.276,1923-10-01
1923,11,0.448,1923-11-01
1923,12,-0.202,1923-12-01
1924,1,-0.434,1924-01-01
1924,2,-0.597,1924-02-01
1924,3,-0.428,1924-03-01
1924,4,-0.267,1924-04-01
1924,5,-0.415,1924-05-01
1924,6,-0.447,1924-06-01
1924,7,-0.395,1924-07-01
1924,8,-0.418,1924-08-01
1924,9,-0.652,1924-09-01
1924,10,-0.209,1924-10-01
1924,11,-0.409,1924-11-01
1924,12,-0.365,1924-12-01
1925,1,-0.317,1925-01-01
1925,2,-0.028,1925-02-01
1925,3,-0.008,1925-03-01
1925,4,0.482,1925-04-01
1925,5,-0.043,1925-05-01
1925,6,0.081,1925-06-01
1925,7,-0.167,1925-07-01
1925,8,-0.04,1925-08-01
1925,9,0.389,1925-09-01
1925,10,0.103,1925-10-01
1925,11,0.118,1925-11-01
1925,12,-0.152,1925-12-01
1926,1,-0.004,1926-01-01
1926,2,-0.359,1926-02-01
1926,3,-0.041,1926-03-01
1926,4,-0.247,1926-04-01
1926,5,-0.085,1926-05-01
1926,6,0.147,1926-06-01
1926,7,-0.231,1926-07-01
1926,8,-0.006,1926-08-01
1926,9,-0.405,1926-09-01
1926,10,-0.115,1926-10-01
1926,11,-0.49,1926-11-01
1926,12,-0.422,1926-12-01
1927,1,-0.201,1927-01-01
1927,2,0.042,1927-02-01
1927,3,-0.202,1927-03-01
1927,4,-0.398,1927-04-01
1927,5,-0.256,1927-05-01
1927,6,-0.168,1927-06-01
1927,7,-0.575,1927-07-01
1927,8,-0.611,1927-08-01
1927,9,-0.664,1927-09-01
1927,10,-0.602,1927-10-01
1927,11,-0.287,1927-11-01
1927,12,-0.378,1927-12-01
1928,1,-0.377,1928-01-01
1928,2,-0.36,1928-02-01
1928,3,-0.277,1928-03-01
1928,4,-0.313,1928-04-01
1928,5,-0.268,1928-05-01
1928,6,-0.465,1928-06-01
1928,7,-0.64,1928-07-01
1928,8,-0.891,1928-08-01
1928,9,-0.87,1928-09-01
1928,10,-0.733,1928-10-01
1928,11,-0.206,1928-11-01
1928,12,-0.372,1928-12-01
1929,1,-0.284,1929-01-01
1929,2,-0.362,1929-02-01
1929,3,-0.238,1929-03-01
1929,4,-0.222,1929-04-01
1929,5,-0.361,1929-05-01
1929,6,-0.246,1929-06-01
1929,7,-0.388,1929-07-01
1929,8,-0.487,1929-08-01
1929,9,-0.305,1929-09-01
1929,10,-0.356,1929-10-01
1929,11,-0.281,1929-11-01
1929,12,-0.024,1929-12-01
1930,1,-0.423,1930-01-01
1930,2,-0.513,1930-02-01
1930,3,-0.32,1930-03-01
1930,4,-0.245,1930-04-01
1930,5,-0.445,1930-05-01
1930,6,-0.138,1930-06-01
1930,7,-0.405,1930-07-01
1930,8,-0.33,1930-08-01
1930,9,-0.802,1930-09-01
1930,10,-0.417,1930-10-01
1930,11,0.112,1930-11-01
1930,12,-0.114,1930-12-01
1931,1,-0.057,1931-01-01
1931,2,-0.334,1931-02-01
1931,3,-0.548,1931-03-01
1931,4,-0.525,1931-04-01
1931,5,-0.258,1931-05-01
1931,6,-0.28,1931-06-01
1931,7,-0.413,1931-07-01
1931,8,-0.502,1931-08-01
1931,9,-1.01,1931-09-01
1931,10,-0.597,1931-10-01
1931,11,-0.184,1931-11-01
1931,12,-0.812,1931-12-01
1932,1,-0.426,1932-01-01
1932,2,-0.58,1932-02-01
1932,3,-0.438,1932-03-01
1932,4,-0.125,1932-04-01
1932,5,-0.378,1932-05-01
1932,6,-0.396,1932-06-01
1932,7,-0.245,1932-07-01
1932,8,-0.489,1932-08-01
1932,9,-0.403,1932-09-01
1932,10,-0.729,1932-10-01
1932,11,-0.314,1932-11-01
1932,12,-0.033,1932-12-01
1933,1,-0.189,1933-01-01
1933,2,-0.092,1933-02-01
1933,3,0.039,1933-03-01
1933,4,0.178,1933-04-01
1933,5,-0.344,1933-05-01
1933,6,-0.307,1933-06-01
1933,7,-0.469,1933-07-01
1933,8,-0.631,1933-08-01
1933,9,-1.567,1933-09-01
1933,10,-0.985,1933-10-01
1933,11,-0.604,1933-11-01
1933,12,-0.472,1933-12-01
1934,1,-0.611,1934-01-01
1934,2,-0.251,1934-02-01
1934,3,-0.166,1934-03-01
1934,4,-0.134,1934-04-01
1934,5,-0.2,1934-05-01
1934,6,-0.016,1934-06-01
1934,7,-0.325,1934-07-01
1934,8,-0.012,1934-08-01
1934,9,-0.497,1934-09-01
1934,10,-0.322,1934-10-01
1934,11,-0.155,1934-11-01
1934,12,-0.159,1934-12-01
1935,1,0.007,1935-01-01
1935,2,-0.055,1935-02-01
1935,3,0.119,1935-03-01
1935,4,-0.216,1935-04-01
1935,5,0.063,1935-05-01
1935,6,0.091,1935-06-01
1935,7,0.052,1935-07-01
1935,8,-0.024,1935-08-01
1935,9,-0.247,1935-09-01
1935,10,-0.304,1935-10-01
1935,11,0.119,1935-11-01
1935,12,0.022,1935-12-01
1936,1,0.086,1936-01-01
1936,2,-0.389,1936-02-01
1936,3,-0.211,1936-03-01
1936,4,-0.069,1936-04-01
1936,5,-0.192,1936-05-01
1936,6,0.064,1936-06-01
1936,7,-0.073,1936-07-01
1936,8,-0.438,1936-08-01
1936,9,-0.446,1936-09-01
1936,10,-0.691,1936-10-01
1936,11,-0.063,1936-11-01
1936,12,-0.318,1936-12-01
1937,1,-0.113,1937-01-01
1937,2,-0.231,1937-02-01
1937,3,-0.256,1937-03-01
1937,4,-0.402,1937-04-01
1937,5,0.042,1937-05-01
1937,6,-0.297,1937-06-01
1937,7,-0.546,1937-07-01
1937,8,-0.252,1937-08-01
1937,9,-0.091,1937-09-01
1937,10,-0.304,1937-10-01
1937,11,-0.115,1937-11-01
1937,12,-0.138,1937-12-01
1938,1,-0.084,1938-01-01
1938,2,-0.217,1938-02-01
1938,3,0.009,1938-03-01
1938,4,-0.345,1938-04-01
1938,5,0.016,1938-05-01
1938,6,-0.408,1938-06-01
1938,7,-0.621,1938-07-01
1938,8,-0.15,1938-08-01
1938,9,-0.458,1938-09-01
1938,10,-0.611,1938-10-01
1938,11,-0.712,1938-11-01
1938,12,-0.541,1938-12-01
1939,1,-0.125,1939-01-01
1939,2,0.209,1939-02-01
1939,3,0.021,1939-03-01
1939,4,-0.266,1939-04-01
1939,5,-0.337,1939-05-01
1939,6,-0.178,1939-06-01
1939,7,-0.405,1939-07-01
1939,8,-0.46,1939-08-01
1939,9,-0.285,1939-09-01
1939,10,-0.19,1939-10-01
1939,11,-0.319,1939-11-01
1939,12,-0.106,1939-12-01
1940,1,0.08,1940-01-01
1940,2,-0.224,1940-02-01
1940,3,-0.477,1940-03-01
1940,4,-0.492,1940-04-01
1940,5,-0.459,1940-05-01
1940,6,-0.028,1940-06-01
1940,7,-0.364,1940-07-01
1940,8,-0.253,1940-08-01
1940,9,-0.39,1940-09-01
1940,10,-0.472,1940-10-01
1940,11,-0.341,1940-11-01
1940,12,-0.315,1940-12-01
1941,1,-0.362,1941-01-01
1941,2,-0.619,1941-02-01
1941,3,-0.261,1941-03-01
1941,4,-0.277,1941-04-01
1941,5,-0.269,1941-05-01
1941,6,-0.376,1941-06-01
1941,7,-0.429,1941-07-01
1941,8,-0.419,1941-08-01
1941,9,-0.333,1941-09-01
1941,10,-0.189,1941-10-01
1941,11,0.274,1941-11-01
1941,12,-0.182,1941-12-01
1942,1,-0.194,1942-01-01
1942,2,-0.298,1942-02-01
1942,3,-0.25,1942-03-01
1942,4,-0.41,1942-04-01
1942,5,-0.599,1942-05-01
1942,6,-0.944,1942-06-01
1942,7,-0.697,1942-07-01
1942,8,-1.1,1942-08-01
1942,9,-0.946,1942-09-01
1942,10,-0.588,1942-10-01
1942,11,-0.598,1942-11-01
1942,12,-0.559,1942-12-01
1943,1,-0.49,1943-01-01
1943,2,-0.248,1943-02-01
1943,3,-0.305,1943-03-01
1943,4,-0.225,1943-04-01
1943,5,-0.188,1943-05-01
1943,6,0.151,1943-06-01
1943,7,0.095,1943-07-01
1943,8,0.035,1943-08-01
1943,9,-0.648,1943-09-01
1943,10,-0.536,1943-10-01
1943,11,-0.388,1943-11-01
1943,12,-0.386,1943-12-01
1944,1,-0.154,1944-01-01
1944,2,0.247,1944-02-01
1944,3,-0.177,1944-03-01
1944,4,-0.241,1944-04-01
1944,5,0.283,1944-05-01
1944,6,-0.114,1944-06-01
1944,7,0.053,1944-07-01
1944,8,0.051,1944-08-01
1944,9,0.001,1944-09-01
1944,10,-0.6,1944-10-01
1944,11,-0.249,1944-11-01
1944,12,0.179,1944-12-01
1945,1,-0.14,1945-01-01
1945,2,0.09,1945-02-01
1945,3,0.205,1945-03-01
1945,4,-0.33,1945-04-01
1945,5,-0.572,1945-05-01
1945,6,-0.563,1945-06-01
1945,7,-0.524,1945-07-01
1945,8,-0.656,1945-08-01
1945,9,-0.594,1945-09-01
1945,10,-0.513,1945-10-01
1945,11,-0.324,1945-11-01
1945,12,-0.328,1945-12-01
1946,1,0.068,1946-01-01
1946,2,-0.014,1946-02-01
1946,3,-0.226,1946-03-01
1946,4,-0.557,1946-04-01
1946,5,0.297,1946-05-01
1946,6,-0.33,1946-06-01
1946,7,-0.159,1946-07-01
1946,8,0.165,1946-08-01
1946,9,-0.072,1946-09-01
1946,10,-0.178,1946-10-01
1946,11,-0.026,1946-11-01
1946,12,-0.25,1946-12-01
1947,1,-0.288,1947-01-01
1947,2,0.029,1947-02-01
1947,3,0.0,1947-03-01
1947,4,-0.186,1947-04-01
1947,5,0.104,1947-05-01
1947,6,-0.066,1947-06-01
1947,7,-0.633,1947-07-01
1947,8,-0.659,1947-08-01
1947,9,-0.97,1947-09-01
1947,10,-0.824,1947-10-01
1947,11,-0.319,1947-11-01
1947,12,-0.265,1947-12-01
1948,1,-0.298,1948-01-01
1948,2,-0.155,1948-02-01
1948,3,0.024,1948-03-01
1948,4,-0.103,1948-04-01
1948,5,-0.085,1948-05-01
1948,6,0.059,1948-06-01
1948,7,-0.268,1948-07-01
1948,8,-0.462,1948-08-01
1948,9,-0.648,1948-09-01
1948,10,-0.292,1948-10-01
1948,11,-0.379,1948-11-01
1948,12,-0.506,1948-12-01
1949,1,0.027,1949-01-01
1949,2,0.177,1949-02-01
1949,3,-0.121,1949-03-01
1949,4,0.165,1949-04-01
1949,5,-0.091,1949-05-01
1949,6,-0.009,1949-06-01
1949,7,-0.009,1949-07-01
1949,8,0.011,1949-08-01
1949,9,-0.09,1949-09-01
1949,10,-0.124,1949-10-01
1949,11,-0.396,1949-11-01
1949,12,-0.331,1949-12-01
1950,1,-0.044,1950-01-01
1950,2,-0.554,1950-02-01
1950,3,-0.692,1950-03-01
1950,4,-0.475,1950-04-01
1950,5,-0.309,1950-05-01
1950,6,-0.494,1950-06-01
1950,7,-0.348,1950-07-01
1950,8,-0.22,1950-08-01
1950,9,-0.631,1950-09-01
1950,10,-0.59,1950-10-01
1950,11,-0.227,1950-11-01
1950,12,-0.027,1950-12-01
1951,1,0.256,1951-01-01
1951,2,0.211,1951-02-01
1951,3,0.259,1951-03-01
1951,4,-0.513,1951-04-01
1951,5,-0.138,1951-05-01
1951,6,-0.19,1951-06-01
1951,7,-0.22,1951-07-01
1951,8,0.124,1951-08-01
1951,9,-0.005,1951-09-01
1951,10,-0.168,1951-10-01
1951,11,0.123,1951-11-01
1951,12,-0.073,1951-12-01
1952,1,-0.069,1952-01-01
1952,2,0.08,1952-02-01
1952,3,0.126,1952-03-01
1952,4,0.073,1952-04-01
1952,5,-0.148,1952-05-01
1952,6,0.02,1952-06-01
1952,7,-0.43,1952-07-01
1952,8,-0.463,1952-08-01
1952,9,-0.607,1952-09-01
1952,10,-0.546,1952-10-01
1952,11,-0.171,1952-11-01
1952,12,-0.03,1952-12-01
1953,1,0.304,1953-01-01
1953,2,0.285,1953-02-01
1953,3,0.188,1953-03-01
1953,4,-0.054,1953-04-01
1953,5,0.316,1953-05-01
1953,6,-0.113,1953-06-01
1953,7,-0.178,1953-07-01
1953,8,-0.231,1953-08-01
1953,9,-0.24,1953-09-01
1953,10,-0.312,1953-10-01
1953,11,-0.136,1953-11-01
1953,12,-0.119,1953-12-01
1954,1,-0.339,1954-01-01
1954,2,-0.271,1954-02-01
1954,3,-0.162,1954-03-01
1954,4,-0.009,1954-04-01
1954,5,-0.55,1954-05-01
1954,6,-0.504,1954-06-01
1954,7,-0.855,1954-07-01
1954,8,-0.631,1954-08-01
1954,9,-0.718,1954-09-01
1954,10,-0.836,1954-10-01
1954,11,-0.45,1954-11-01
1954,12,-0.053,1954-12-01
1955,1,-0.049,1955-01-01
1955,2,-0.153,1955-02-01
1955,3,0.019,1955-03-01
1955,4,-0.044,1955-04-01
1955,5,-0.695,1955-05-01
1955,6,-0.387,1955-06-01
1955,7,-0.439,1955-07-01
1955,8,-0.43,1955-08-01
1955,9,-0.738,1955-09-01
1955,10,-0.73,1955-10-01
1955,11,-0.269,1955-11-01
1955,12,-0.3,1955-12-01
1956,1,-0.101,1956-01-01
1956,2,-0.021,1956-02-01
1956,3,-0.001,1956-03-01
1956,4,-0.3,1956-04-01
1956,5,-0.57,1956-05-01
1956,6,-0.826,1956-06-01
1956,7,-1.083,1956-07-01
1956,8,-0.772,1956-08-01
1956,9,-0.803,1956-09-01
1956,10,-0.672,1956-10-01
1956,11,-0.516,1956-11-01
1956,12,-0.151,1956-12-01
1957,1,-0.437,1957-01-01
1957,2,-0.564,1957-02-01
1957,3,-0.197,1957-03-01
1957,4,-0.3,1957-04-01
1957,5,-0.326,1957-05-01
1957,6,-0.465,1957-06-01
1957,7,-0.488,1957-07-01
1957,8,-0.266,1957-08-01
1957,9,-0.383,1957-09-01
1957,10,-0.523,1957-10-01
1957,11,-0.482,1957-11-01
1957,12,-0.25,1957-12-01
1958,1,-0.396,1958-01-01
1958,2,-0.234,1958-02-01
1958,3,-0.374,1958-03-01
1958,4,-0.348,1958-04-01
1958,5,-0.496,1958-05-01
1958,6,-0.854,1958-06-01
1958,7,-1.063,1958-07-01
1958,8,-1.26,1958-08-01
1958,9,-1.303,1958-09-01
1958,10,-0.966,1958-10-01
1958,11,-0.674,1958-11-01
1958,12,-0.639,1958-12-01
1959,1,-0.027,1959-01-01
1959,2,-0.531,1959-02-01
1959,3,-0.524,1959-03-01
1959,4,-0.357,1959-04-01
1959,5,-0.742,1959-05-01
1959,6,-0.745,1959-06-01
1959,7,-0.667,1959-07-01
1959,8,-0.913,1959-08-01
1959,9,-0.839,1959-09-01
1959,10,-0.586,1959-10-01
1959,11,-0.574,1959-11-01
1959,12,-0.357,1959-12-01
1960,1,-0.236,1960-01-01
1960,2,-0.043,1960-02-01
1960,3,-0.433,1960-03-01
1960,4,-0.745,1960-04-01
1960,5,-0.738,1960-05-01
1960,6,-0.681,1960-06-01
1960,7,-0.734,1960-07-01
1960,8,-0.584,1960-08-01
1960,9,-0.582,1960-09-01
1960,10,-0.906,1960-10-01
1960,11,-0.811,1960-11-01
1960,12,-0.641,1960-12-01
1961,1,-0.144,1961-01-01
1961,2,-0.08,1961-02-01
1961,3,-0.122,1961-03-01
1961,4,-0.612,1961-04-01
1961,5,-0.438,1961-05-01
1961,6,-0.006,1961-06-01
1961,7,0.63,1961-07-01
1961,8,0.776,1961-08-01
1961,9,0.554,1961-09-01
1961,10,0.457,1961-10-01
1961,11,0.323,1961-11-01
1961,12,0.311,1961-12-01
1962,1,0.512,1962-01-01
1962,2,0.544,1962-02-01
1962,3,0.356,1962-03-01
1962,4,-0.019,1962-04-01
1962,5,-0.385,1962-05-01
1962,6,-0.458,1962-06-01
1962,7,-0.468,1962-07-01
1962,8,-0.303,1962-08-01
1962,9,-0.186,1962-09-01
1962,10,-0.327,1962-10-01
1962,11,-0.213,1962-11-01
1962,12,-0.071,1962-12-01
1963,1,0.329,1963-01-01
1963,2,0.395,1963-02-01
1963,3,0.201,1963-03-01
1963,4,-0.061,1963-04-01
1963,5,-0.324,1963-05-01
1963,6,-0.248,1963-06-01
1963,7,0.212,1963-07-01
1963,8,0.473,1963-08-01
1963,9,0.081,1963-09-01
1963,10,0.432,1963-10-01
1963,11,0.319,1963-11-01
1963,12,-0.059,1963-12-01
1964,1,-0.461,1964-01-01
1964,2,-0.692,1964-02-01
1964,3,-0.312,1964-03-01
1964,4,-0.224,1964-04-01
1964,5,-0.52,1964-05-01
1964,6,-0.344,1964-06-01
1964,7,-0.829,1964-07-01
1964,8,-0.683,1964-08-01
1964,9,-0.981,1964-09-01
1964,10,-1.027,1964-10-01
1964,11,-0.284,1964-11-01
1964,12,-0.182,1964-12-01
1965,1,-0.331,1965-01-01
1965,2,-0.447,1965-02-01
1965,3,-0.186,1965-03-01
1965,4,-0.285,1965-04-01
1965,5,-0.54,1965-05-01
1965,6,-0.487,1965-06-01
1965,7,-0.473,1965-07-01
1965,8,-0.247,1965-08-01
1965,9,-0.197,1965-09-01
1965,10,0.017,1965-10-01
1965,11,-0.225,1965-11-01
1965,12,-0.29,1965-12-01
1966,1,-0.232,1966-01-01
1966,2,-0.163,1966-02-01
1966,3,-0.341,1966-03-01
1966,4,-0.435,1966-04-01
1966,5,-0.423,1966-05-01
1966,6,-0.119,1966-06-01
1966,7,-0.004,1966-07-01
1966,8,0.129,1966-08-01
1966,9,0.102,1966-09-01
1966,10,-0.304,1966-10-01
1966,11,-0.361,1966-11-01
1966,12,-0.236,1966-12-01
1967,1,-0.236,1967-01-01
1967,2,-0.073,1967-02-01
1967,3,0.248,1967-03-01
1967,4,-0.263,1967-04-01
1967,5,-0.165,1967-05-01
1967,6,0.044,1967-06-01
1967,7,0.14,1967-07-01
1967,8,0.13,1967-08-01
1967,9,0.145,1967-09-01
1967,10,0.159,1967-10-01
1967,11,0.023,1967-11-01
1967,12,0.054,1967-12-01
1968,1,0.213,1968-01-01
1968,2,0.334,1968-02-01
1968,3,0.154,1968-03-01
1968,4,0.073,1968-04-01
1968,5,-0.123,1968-05-01
1968,6,0.091,1968-06-01
1968,7,-0.521,1968-07-01
1968,8,-0.455,1968-08-01
1968,9,-0.734,1968-09-01
1968,10,-0.531,1968-10-01
1968,11,-0.454,1968-11-01
1968,12,-0.213,1968-12-01
1969,1,-0.162,1969-01-01
1969,2,-0.164,1969-02-01
1969,3,0.06,1969-03-01
1969,4,-0.051,1969-04-01
1969,5,-0.166,1969-05-01
1969,6,-0.626,1969-06-01
1969,7,-0.407,1969-07-01
1969,8,-0.35,1969-08-01
1969,9,-0.248,1969-09-01
1969,10,-0.2,1969-10-01
1969,11,-0.004,1969-11-01
1969,12,-0.085,1969-12-01
1970,1,0.297,1970-01-01
1970,2,0.326,1970-02-01
1970,3,0.068,1970-03-01
1970,4,0.219,1970-04-01
1970,5,0.182,1970-05-01
1970,6,-0.385,1970-06-01
1970,7,-0.57,1970-07-01
1970,8,-0.351,1970-08-01
1970,9,-0.6,1970-09-01
1970,10,-0.638,1970-10-01
1970,11,-0.307,1970-11-01
1970,12,-0.235,1970-12-01
1971,1,0.198,1971-01-01
1971,2,0.013,1971-02-01
1971,3,0.208,1971-03-01
1971,4,0.24,1971-04-01
1971,5,-0.074,1971-05-01
1971,6,-0.236,1971-06-01
1971,7,-0.354,1971-07-01
1971,8,-0.547,1971-08-01
1971,9,-0.746,1971-09-01
1971,10,-0.629,1971-10-01
1971,11,0.017,1971-11-01
1971,12,0.215,1971-12-01
1972,1,0.143,1972-01-01
1972,2,-0.216,1972-02-01
1972,3,0.031,1972-03-01
1972,4,0.131,1972-04-01
1972,5,0.157,1972-05-01
1972,6,0.739,1972-06-01
1972,7,0.708,1972-07-01
1972,8,0.511,1972-08-01
1972,9,0.363,1972-09-01
1972,10,0.327,1972-10-01
1972,11,0.671,1972-11-01
1972,12,0.477,1972-12-01
1973,1,0.043,1973-01-01
1973,2,-0.077,1973-02-01
1973,3,-0.001,1973-03-01
1973,4,-0.117,1973-04-01
1973,5,0.085,1973-05-01
1973,6,-0.225,1973-06-01
1973,7,-0.495,1973-07-01
1973,8,-0.607,1973-08-01
1973,9,-0.773,1973-09-01
1973,10,-0.449,1973-10-01
1973,11,-0.157,1973-11-01
1973,12,0.047,1973-12-01
1974,1,0.279,1974-01-01
1974,2,0.156,1974-02-01
1974,3,0.249,1974-03-01
1974,4,-0.053,1974-04-01
1974,5,-0.239,1974-05-01
1974,6,-0.027,1974-06-01
1974,7,-0.249,1974-07-01
1974,8,-0.497,1974-08-01
1974,9,-0.661,1974-09-01
1974,10,-0.845,1974-10-01
1974,11,-0.551,1974-11-01
1974,12,-0.36,1974-12-01
1975,1,-0.367,1975-01-01
1975,2,-0.249,1975-02-01
1975,3,-0.464,1975-03-01
1975,4,0.087,1975-04-01
1975,5,0.066,1975-05-01
1975,6,0.055,1975-06-01
1975,7,-0.039,1975-07-01
1975,8,-0.344,1975-08-01
1975,9,-0.857,1975-09-01
1975,10,-1.056,1975-10-01
1975,11,-0.328,1975-11-01
1975,12,-0.17,1975-12-01
1976,1,0.005,1976-01-01
1976,2,0.077,1976-02-01
1976,3,0.02,1976-03-01
1976,4,0.122,1976-04-01
1976,5,-0.004,1976-05-01
1976,6,0.369,1976-06-01
1976,7,0.594,1976-07-01
1976,8,0.107,1976-08-01
1976,9,-0.208,1976-09-01
1976,10,-0.231,1976-10-01
1976,11,-0.181,1976-11-01
1976,12,0.028,1976-12-01
1977,1,-0.003,1977-01-01
1977,2,-0.261,1977-02-01
1977,3,0.174,1977-03-01
1977,4,-0.029,1977-04-01
1977,5,-0.341,1977-05-01
1977,6,-0.095,1977-06-01
1977,7,-0.171,1977-07-01
1977,8,-0.26,1977-08-01
1977,9,-0.259,1977-09-01
1977,10,0.245,1977-10-01
1977,11,-0.127,1977-11-01
1977,12,-0.02,1977-12-01
1978,1,-0.64,1978-01-01
1978,2,-0.53,1978-02-01
1978,3,-0.582,1978-03-01
1978,4,-0.214,1978-04-01
1978,5,-0.533,1978-05-01
1978,6,-0.174,1978-06-01
1978,7,-0.107,1978-07-01
1978,8,-0.224,1978-08-01
1978,9,-0.261,1978-09-01
1978,10,-0.502,1978-10-01
1978,11,-0.458,1978-11-01
1978,12,-0.26,1978-12-01
1979,1,0.317,1979-01-01
1979,2,-0.158,1979-02-01
1979,3,-0.034,1979-03-01
1979,4,-0.207,1979-04-01
1979,5,-0.444,1979-05-01
1979,6,0.108,1979-06-01
1979,7,-0.315,1979-07-01
1979,8,-0.226,1979-08-01
1979,9,-0.28,1979-09-01
1979,10,-0.314,1979-10-01
1979,11,-0.251,1979-11-01
1979,12,-0.101,1979-12-01
1980,1,-0.158,1980-01-01
1980,2,-0.2,1980-02-01
1980,3,-0.417,1980-03-01
1980,4,-0.095,1980-04-01
1980,5,-0.066,1980-05-01
1980,6,-0.382,1980-06-01
1980,7,-0.661,1980-07-01
1980,8,-0.822,1980-08-01
1980,9,-0.745,1980-09-01
1980,10,-0.657,1980-10-01
1980,11,-0.417,1980-11-01
1980,12,-0.483,1980-12-01
1981,1,-0.201,1981-01-01
1981,2,-0.024,1981-02-01
1981,3,0.027,1981-03-01
1981,4,0.092,1981-04-01
1981,5,-0.018,1981-05-01
1981,6,-0.24,1981-06-01
1981,7,-0.56,1981-07-01
1981,8,-0.628,1981-08-01
1981,9,-0.757,1981-09-01
1981,10,-0.606,1981-10-01
1981,11,-0.328,1981-11-01
1981,12,-0.019,1981-12-01
1982,1,0.144,1982-01-01
1982,2,0.166,1982-02-01
1982,3,0.054,1982-03-01
1982,4,0.119,1982-04-01
1982,5,0.223,1982-05-01
1982,6,0.255,1982-06-01
1982,7,0.265,1982-07-01
1982,8,0.256,1982-08-01
1982,9,0.442,1982-09-01
1982,10,0.623,1982-10-01
1982,11,0.284,1982-11-01
1982,12,-0.162,1982-12-01
1983,1,-0.482,1983-01-01
1983,2,-0.587,1983-02-01
1983,3,-0.752,1983-03-01
1983,4,-0.556,1983-04-01
1983,5,-0.059,1983-05-01
1983,6,0.371,1983-06-01
1983,7,0.525,1983-07-01
1983,8,0.345,1983-08-01
1983,9,-0.069,1983-09-01
1983,10,-0.288,1983-10-01
1983,11,-0.343,1983-11-01
1983,12,-0.101,1983-12-01
1984,1,-0.223,1984-01-01
1984,2,-0.149,1984-02-01
1984,3,-0.122,1984-03-01
1984,4,0.05,1984-04-01
1984,5,-0.305,1984-05-01
1984,6,-0.357,1984-06-01
1984,7,-0.366,1984-07-01
1984,8,-0.498,1984-08-01
1984,9,-0.608,1984-09-01
1984,10,-0.654,1984-10-01
1984,11,-0.418,1984-11-01
1984,12,-0.278,1984-12-01
1985,1,-0.466,1985-01-01
1985,2,-0.627,1985-02-01
1985,3,-0.541,1985-03-01
1985,4,-0.2,1985-04-01
1985,5,-0.223,1985-05-01
1985,6,-0.629,1985-06-01
1985,7,-0.403,1985-07-01
1985,8,-0.459,1985-08-01
1985,9,-0.238,1985-09-01
1985,10,-0.498,1985-10-01
1985,11,0.074,1985-11-01
1985,12,-0.417,1985-12-01
1986,1,-0.113,1986-01-01
1986,2,-0.135,1986-02-01
1986,3,-0.2,1986-03-01
1986,4,-0.286,1986-04-01
1986,5,-0.154,1986-05-01
1986,6,-0.278,1986-06-01
1986,7,-0.546,1986-07-01
1986,8,-0.401,1986-08-01
1986,9,-0.142,1986-09-01
1986,10,-0.048,1986-10-01
1986,11,-0.244,1986-11-01
1986,12,-0.274,1986-12-01
1987,1,-0.081,1987-01-01
1987,2,0.041,1987-02-01
1987,3,-0.137,1987-03-01
1987,4,-0.157,1987-04-01
1987,5,0.165,1987-05-01
1987,6,0.109,1987-06-01
1987,7,0.207,1987-07-01
1987,8,0.297,1987-08-01
1987,9,0.393,1987-09-01
1987,10,0.255,1987-10-01
1987,11,-0.051,1987-11-01
1987,12,0.152,1987-12-01
1988,1,0.353,1988-01-01
1988,2,-0.154,1988-02-01
1988,3,-0.313,1988-03-01
1988,4,-0.128,1988-04-01
1988,5,-0.513,1988-05-01
1988,6,-0.272,1988-06-01
1988,7,-0.15,1988-07-01
1988,8,-0.289,1988-08-01
1988,9,-0.394,1988-09-01
1988,10,-0.525,1988-10-01
1988,11,-0.183,1988-11-01
1988,12,0.156,1988-12-01
1989,1,-0.281,1989-01-01
1989,2,-0.045,1989-02-01
1989,3,-0.319,1989-03-01
1989,4,-0.48,1989-04-01
1989,5,-0.594,1989-05-01
1989,6,-0.78,1989-06-01
1989,7,-0.447,1989-07-01
1989,8,-0.321,1989-08-01
1989,9,-0.225,1989-09-01
1989,10,-0.412,1989-10-01
1989,11,-0.338,1989-11-01
1989,12,-0.167,1989-12-01
1990,1,-0.099,1990-01-01
1990,2,-0.289,1990-02-01
1990,3,-0.143,1990-03-01
1990,4,-0.385,1990-04-01
1990,5,-0.348,1990-05-01
1990,6,-0.568,1990-06-01
1990,7,-0.246,1990-07-01
1990,8,-0.392,1990-08-01
1990,9,-0.183,1990-09-01
1990,10,-0.345,1990-10-01
1990,11,-0.094,1990-11-01
1990,12,0.003,1990-12-01
1991,1,0.065,1991-01-01
1991,2,-0.097,1991-02-01
1991,3,-0.037,1991-03-01
1991,4,0.289,1991-04-01
1991,5,0.379,1991-05-01
1991,6,0.263,1991-06-01
1991,7,0.27,1991-07-01
1991,8,0.058,1991-08-01
1991,9,0.099,1991-09-01
1991,10,-0.03,1991-10-01
1991,11,0.04,1991-11-01
1991,12,0.084,1991-12-01
1992,1,-0.321,1992-01-01
1992,2,-0.389,1992-02-01
1992,3,-0.671,1992-03-01
1992,4,-0.553,1992-04-01
1992,5,-0.549,1992-05-01
1992,6,-0.861,1992-06-01
1992,7,-0.479,1992-07-01
1992,8,-0.768,1992-08-01
1992,9,-0.833,1992-09-01
1992,10,-0.627,1992-10-01
1992,11,-0.399,1992-11-01
1992,12,-0.317,1992-12-01
1993,1,-0.196,1993-01-01
1993,2,0.035,1993-02-01
1993,3,-0.295,1993-03-01
1993,4,-0.181,1993-04-01
1993,5,-0.027,1993-05-01
1993,6,-0.108,1993-06-01
1993,7,-0.152,1993-07-01
1993,8,-0.305,1993-08-01
1993,9,-0.17,1993-09-01
1993,10,-0.156,1993-10-01
1993,11,-0.149,1993-11-01
1993,12,-0.206,1993-12-01
1994,1,0.025,1994-01-01
1994,2,-0.146,1994-02-01
1994,3,0.202,1994-03-01
1994,4,0.351,1994-04-01
1994,5,0.544,1994-05-01
1994,6,0.433,1994-06-01
1994,7,0.557,1994-07-01
1994,8,0.811,1994-08-01
1994,9,0.529,1994-09-01
1994,10,0.707,1994-10-01
1994,11,0.287,1994-11-01
1994,12,0.263,1994-12-01
1995,1,0.14,1995-01-01
1995,2,0.164,1995-02-01
1995,3,-0.05,1995-03-01
1995,4,-0.221,1995-04-01
1995,5,-0.251,1995-05-01
1995,6,-0.078,1995-06-01
1995,7,-0.169,1995-07-01
1995,8,-0.144,1995-08-01
1995,9,-0.18,1995-09-01
1995,10,-0.367,1995-10-01
1995,11,-0.294,1995-11-01
1995,12,0.09,1995-12-01
1996,1,-0.021,1996-01-01
1996,2,-0.033,1996-02-01
1996,3,-0.085,1996-03-01
1996,4,-0.369,1996-04-01
1996,5,-0.266,1996-05-01
1996,6,-0.394,1996-06-01
1996,7,-0.643,1996-07-01
1996,8,-0.681,1996-08-01
1996,9,-0.712,1996-09-01
1996,10,-1.108,1996-10-01
1996,11,-0.797,1996-11-01
1996,12,-0.413,1996-12-01
1997,1,-0.11,1997-01-01
1997,2,0.079,1997-02-01
1997,3,0.043,1997-03-01
1997,4,0.054,1997-04-01
1997,5,0.025,1997-05-01
1997,6,0.082,1997-06-01
1997,7,0.447,1997-07-01
1997,8,0.634,1997-08-01
1997,9,0.771,1997-09-01
1997,10,0.873,1997-10-01
1997,11,1.279,1997-11-01
1997,12,0.863,1997-12-01
1998,1,0.525,1998-01-01
1998,2,0.422,1998-02-01
1998,3,-0.055,1998-03-01
1998,4,0.047,1998-04-01
1998,5,0.14,1998-05-01
1998,6,0.147,1998-06-01
1998,7,-0.385,1998-07-01
1998,8,-0.58,1998-08-01
1998,9,-0.496,1998-09-01
1998,10,-0.743,1998-10-01
1998,11,-0.653,1998-11-01
1998,12,-0.336,1998-12-01
1999,1,-0.13,1999-01-01
1999,2,-0.038,1999-02-01
1999,3,0.102,1999-03-01
1999,4,-0.002,1999-04-01
1999,5,-0.186,1999-05-01
1999,6,-0.145,1999-06-01
1999,7,0.112,1999-07-01
1999,8,0.023,1999-08-01
1999,9,-0.05,1999-09-01
1999,10,-0.19,1999-10-01
1999,11,-0.116,1999-11-01
1999,12,-0.148,1999-12-01
2000,1,-0.125,2000-01-01
2000,2,-0.009,2000-02-01
2000,3,0.14,2000-03-01
2000,4,0.141,2000-04-01
2000,5,0.113,2000-05-01
2000,6,-0.022,2000-06-01
2000,7,0.077,2000-07-01
2000,8,0.131,2000-08-01
2000,9,-0.096,2000-09-01
2000,10,-0.142,2000-10-01
2000,11,-0.306,2000-11-01
2000,12,-0.248,2000-12-01
2001,1,-0.431,2001-01-01
2001,2,-0.017,2001-02-01
2001,3,-0.01,2001-03-01
2001,4,0.136,2001-04-01
2001,5,0.137,2001-05-01
2001,6,0.127,2001-06-01
2001,7,-0.14,2001-07-01
2001,8,-0.301,2001-08-01
2001,9,-0.223,2001-09-01
2001,10,-0.451,2001-10-01
2001,11,-0.245,2001-11-01
2001,12,-0.051,2001-12-01
2002,1,-0.142,2002-01-01
2002,2,-0.098,2002-02-01
2002,3,0.008,2002-03-01
2002,4,-0.352,2002-04-01
2002,5,-0.329,2002-05-01
2002,6,-0.19,2002-06-01
2002,7,-0.26,2002-07-01
2002,8,-0.208,2002-08-01
2002,9,0.286,2002-09-01
2002,10,0.405,2002-10-01
2002,11,0.096,2002-11-01
2002,12,-0.158,2002-12-01
2003,1,-0.239,2003-01-01
2003,2,0.017,2003-02-01
2003,3,-0.039,2003-03-01
2003,4,-0.099,2003-04-01
2003,5,-0.164,2003-05-01
2003,6,0.139,2003-06-01
2003,7,0.131,2003-07-01
2003,8,0.108,2003-08-01
2003,9,-0.061,2003-09-01
2003,10,-0.243,2003-10-01
2003,11,-0.159,2003-11-01
2003,12,0.189,2003-12-01
2004,1,0.044,2004-01-01
2004,2,0.114,2004-02-01
2004,3,0.077,2004-03-01
2004,4,-0.08,2004-04-01
2004,5,-0.565,2004-05-01
2004,6,-0.384,2004-06-01
2004,7,-0.301,2004-07-01
2004,8,-0.132,2004-08-01
2004,9,-0.106,2004-09-01
2004,10,-0.004,2004-10-01
2004,11,-0.153,2004-11-01
2004,12,-0.132,2004-12-01
2005,1,-0.124,2005-01-01
2005,2,-0.56,2005-02-01
2005,3,-0.432,2005-03-01
2005,4,0.084,2005-04-01
2005,5,-0.033,2005-05-01
2005,6,-0.176,2005-06-01
2005,7,-0.384,2005-07-01
2005,8,-0.345,2005-08-01
2005,9,-0.534,2005-09-01
2005,10,-0.436,2005-10-01
2005,11,-0.272,2005-11-01
2005,12,-0.3,2005-12-01
2006,1,-0.135,2006-01-01
2006,2,-0.305,2006-02-01
2006,3,-0.226,2006-03-01
2006,4,-0.015,2006-04-01
2006,5,-0.207,2006-05-01
2006,6,-0.059,2006-06-01
2006,7,0.04,2006-07-01
2006,8,0.229,2006-08-01
2006,9,0.428,2006-09-01
2006,10,0.577,2006-10-01
2006,11,0.501,2006-11-01
2006,12,0.172,2006-12-01
2007,1,0.224,2007-01-01
2007,2,0.15,2007-02-01
2007,3,0.116,2007-03-01
2007,4,0.1,2007-04-01
2007,5,0.27,2007-05-01
2007,6,0.03,2007-06-01
2007,7,0.045,2007-07-01
2007,8,0.236,2007-08-01
2007,9,0.235,2007-09-01
2007,10,0.068,2007-10-01
2007,11,-0.023,2007-11-01
2007,12,-0.227,2007-12-01
2008,1,0.115,2008-01-01
2008,2,-0.072,2008-02-01
2008,3,0.097,2008-03-01
2008,4,-0.153,2008-04-01
2008,5,0.178,2008-05-01
2008,6,0.215,2008-06-01
2008,7,0.246,2008-07-01
2008,8,0.124,2008-08-01
2008,9,0.086,2008-09-01
2008,10,0.029,2008-10-01
2008,11,-0.128,2008-11-01
2008,12,-0.053,2008-12-01
2009,1,0.031,2009-01-01
2009,2,0.163,2009-02-01
2009,3,0.1,2009-03-01
2009,4,0.126,2009-04-01
2009,5,0.256,2009-05-01
2009,6,0.1,2009-06-01
2009,7,-0.192,2009-07-01
2009,8,-0.104,2009-08-01
2009,9,-0.103,2009-09-01
2009,10,-0.013,2009-10-01
2009,11,-0.067,2009-11-01
2009,12,0.16,2009-12-01
2010,1,0.294,2010-01-01
2010,2,0.023,2010-02-01
2010,3,0.458,2010-03-01
2010,4,0.37,2010-04-01
2010,5,-0.03,2010-05-01
2010,6,-0.14,2010-06-01
2010,7,-0.001,2010-07-01
2010,8,-0.062,2010-08-01
2010,9,-0.268,2010-09-01
2010,10,-0.437,2010-10-01
2010,11,-0.495,2010-11-01
2010,12,-0.212,2010-12-01
2011,1,0.192,2011-01-01
2011,2,0.242,2011-02-01
2011,3,0.367,2011-03-01
2011,4,0.154,2011-04-01
2011,5,-0.089,2011-05-01
2011,6,0.055,2011-06-01
2011,7,0.223,2011-07-01
2011,8,0.344,2011-08-01
2011,9,0.202,2011-09-01
2011,10,0.356,2011-10-01
2011,11,0.336,2011-11-01
2011,12,-0.128,2011-12-01
2012,1,0.046,2012-01-01
2012,2,-0.078,2012-02-01
2012,3,0.026,2012-03-01
2012,4,-0.271,2012-04-01
2012,5,-0.37,2012-05-01
2012,6,0.001,2012-06-01
2012,7,0.546,2012-07-01
2012,8,0.652,2012-08-01
2012,9,0.453,2012-09-01
2012,10,0.11,2012-10-01
2012,11,-0.1,2012-11-01
2012,12,0.268,2012-12-01
2013,1,-0.065,2013-01-01
2013,2,0.189,2013-02-01
2013,3,0.083,2013-03-01
2013,4,-0.297,2013-04-01
2013,5,-0.506,2013-05-01
2013,6,-0.497,2013-06-01
2013,7,-0.18,2013-07-01
2013,8,-0.194,2013-08-01
2013,9,-0.31,2013-09-01
2013,10,-0.168,2013-10-01
2013,11,0.199,2013-11-01
2013,12,0.141,2013-12-01
2014,1,-0.101,2014-01-01
2014,2,-0.089,2014-02-01
2014,3,-0.151,2014-03-01
2014,4,-0.058,2014-04-01
2014,5,-0.092,2014-05-01
2014,6,-0.028,2014-06-01
2014,7,-0.363,2014-07-01
2014,8,-0.372,2014-08-01
2014,9,-0.145,2014-09-01
2014,10,0.141,2014-10-01
2014,11,0.01,2014-11-01
2014,12,0.046,2014-12-01
2015,1,-0.1,2015-01-01
2015,2,-0.345,2015-02-01
2015,3,-0.241,2015-03-01
2015,4,-0.008,2015-04-01
2015,5,0.24,2015-05-01
2015,6,0.296,2015-06-01
2015,7,0.225,2015-07-01
2015,8,0.567,2015-08-01
2015,9,0.294,2015-09-01
2015,10,0.483,2015-10-01
2015,11,0.347,2015-11-01
2015,12,0.272,2015-12-01
2016,1,0.266,2016-01-01
2016,2,-0.11,2016-02-01
2016,3,-0.009,2016-03-01
2016,4,0.146,2016-04-01
2016,5,-0.113,2016-05-01
2016,6,-0.443,2016-06-01
2016,7,-0.758,2016-07-01
2016,8,-0.444,2016-08-01
2016,9,-0.437,2016-09-01
2016,10,-0.372,2016-10-01
2016,11,-0.382,2016-11-01
2016,12,-0.31,2016-12-01
2017,1,-0.086,2017-01-01
2017,2,0.101,2017-02-01
2017,3,0.357,2017-03-01
2017,4,0.499,2017-04-01
2017,5,0.536,2017-05-01
2017,6,0.424,2017-06-01
2017,7,0.52,2017-07-01
2017,8,0.349,2017-08-01
2017,9,0.034,2017-09-01
2017,10,0.016,2017-10-01
2017,11,0.289,2017-11-01
2017,12,0.109,2017-12-01
2018,1,-0.2,2018-01-01
2018,2,0.215,2018-02-01
2018,3,-0.12,2018-03-01
2018,4,-0.083,2018-04-01
2018,5,0.122,2018-05-01
2018,6,0.155,2018-06-01
2018,7,0.053,2018-07-01
2018,8,0.122,2018-08-01
2018,9,0.604,2018-09-01
2018,10,0.685,2018-10-01
2018,11,0.5,2018-11-01
2018,12,0.309,2018-12-01
2019,1,0.387,2019-01-01
2019,2,0.416,2019-02-01
2019,3,0.224,2019-03-01
2019,4,0.258,2019-04-01
2019,5,0.539,2019-05-01
2019,6,0.605,2019-06-01
2019,7,0.597,2019-07-01
2019,8,0.436,2019-08-01
2019,9,0.893,2019-09-01
2019,10,0.964,2019-10-01
2019,11,0.835,2019-11-01
2019,12,0.243,2019-12-01
2020,1,0.173,2020-01-01
2020,2,0.054,2020-02-01
2020,3,0.019,2020-03-01
2020,4,-0.011,2020-04-01
2020,5,0.298,2020-05-01
2020,6,0.454,2020-06-01
2020,7,0.32,2020-07-01
2020,8,-0.183,2020-08-01
2020,9,-0.19,2020-09-01
2020,10,0.074,2020-10-01
2020,11,0.02,2020-11-01
2020,12,0.03,2020-12-01
2021,1,0.051,2021-01-01
2021,2,0.243,2021-02-01
2021,3,0.266,2021-03-01
2021,4,0.25,2021-04-01
2021,5,0.009,2021-05-01
2021,6,-0.002,2021-06-01
2021,7,-0.228,2021-07-01
2021,8,-0.099,2021-08-01
2021,9,-0.058,2021-09-01
2021,10,-0.091,2021-10-01
2021,11,0.069,2021-11-01
2021,12,-0.12,2021-12-01
2022,1,-0.056,2022-01-01
2022,2,-0.083,2022-02-01
2022,3,-0.093,2022-03-01
2022,4,-0.068,2022-04-01
2022,5,-0.122,2022-05-01
2022,6,-0.335,2022-06-01
2022,7,-0.195,2022-07-01
2022,8,-0.246,2022-08-01
2022,9,-0.322,2022-09-01
2022,10,-0.691,2022-10-01
2022,11,-0.269,2022-11-01
2022,12,-0.092,2022-12-01
2023,1,0.109,2023-01-01
2023,2,0.157,2023-02-01
2023,3,0.415,2023-03-01
2023,4,0.56,2023-04-01
2023,5,0.443,2023-05-01
2023,6,0.665,2023-06-01
2023,7,0.498,2023-07-01
2023,8,0.825,2023-08-01
2023,9,0.946,2023-09-01
2023,10,0.804,2023-10-01
2023,11,0.92,2023-11-01
2023,12,0.851,2023-12-01
2024,1,0.765,2024-01-01
2024,2,0.328,2024-02-01
2024,3,0.421,2024-03-01
2024,4,0.44,2024-04-01
2024,5,0.297,2024-05-01
2024,6,0.197,2024-06-01
2024,7,0.033,2024-07-01
2024,8,0.267,2024-08-01
2024,9,0.115,2024-09-01
2024,10,-0.196,2024-10-01
2024,11,-0.383,2024-11-01
2024,12,-0.331,2024-12-01
2025,1,-0.196,2025-01-01
2025,2,0.017,2025-02-01
2025,3,0.059,2025-03-01
2025,4,0.149,2025-04-01
