year,month,pdo,date
1948,1,-0.11,1948-01-01
1948,2,-0.74,1948-02-01
1948,3,-0.03,1948-03-01
1948,4,-1.33,1948-04-01
1948,5,-0.23,1948-05-01
1948,6,0.08,1948-06-01
1948,7,-0.92,1948-07-01
1948,8,-1.56,1948-08-01
1948,9,-1.74,1948-09-01
1948,10,-1.32,1948-10-01
1948,11,-0.89,1948-11-01
1948,12,-1.7,1948-12-01
1949,1,-2.01,1949-01-01
1949,2,-3.6,1949-02-01
1949,3,-1.0,1949-03-01
1949,4,-0.53,1949-04-01
1949,5,-1.07,1949-05-01
1949,6,-0.7,1949-06-01
1949,7,-0.56,1949-07-01
1949,8,-1.3,1949-08-01
1949,9,-0.93,1949-09-01
1949,10,-1.41,1949-10-01
1949,11,-0.83,1949-11-01
1949,12,-0.8,1949-12-01
1950,1,-2.13,1950-01-01
1950,2,-2.91,1950-02-01
1950,3,-1.13,1950-03-01
1950,4,-1.2,1950-04-01
1950,5,-2.23,1950-05-01
1950,6,-1.77,1950-06-01
1950,7,-2.93,1950-07-01
1950,8,-0.7,1950-08-01
1950,9,-2.14,1950-09-01
1950,10,-1.36,1950-10-01
1950,11,-2.46,1950-11-01
1950,12,-0.76,1950-12-01
1951,1,-1.54,1951-01-01
1951,2,-1.06,1951-02-01
1951,3,-1.9,1951-03-01
1951,4,-0.36,1951-04-01
1951,5,-0.25,1951-05-01
1951,6,-1.09,1951-06-01
1951,7,0.7,1951-07-01
1951,8,-1.37,1951-08-01
1951,9,-0.08,1951-09-01
1951,10,-0.32,1951-10-01
1951,11,-0.28,1951-11-01
1951,12,-1.68,1951-12-01
1952,1,-2.01,1952-01-01
1952,2,-0.46,1952-02-01
1952,3,-0.63,1952-03-01
1952,4,-1.05,1952-04-01
1952,5,-1.0,1952-05-01
1952,6,-1.43,1952-06-01
1952,7,-1.25,1952-07-01
1952,8,-0.6,1952-08-01
1952,9,-0.89,1952-09-01
1952,10,-0.35,1952-10-01
1952,11,-0.76,1952-11-01
1952,12,0.04,1952-12-01
1953,1,-0.57,1953-01-01
1953,2,-0.07,1953-02-01
1953,3,-1.12,1953-03-01
1953,4,0.05,1953-04-01
1953,5,0.43,1953-05-01
1953,6,0.29,1953-06-01
1953,7,0.74,1953-07-01
1953,8,0.05,1953-08-01
1953,9,-0.63,1953-09-01
1953,10,-1.09,1953-10-01
1953,11,-0.03,1953-11-01
1953,12,0.07,1953-12-01
1954,1,-1.32,1954-01-01
1954,2,-1.61,1954-02-01
1954,3,-0.52,1954-03-01
1954,4,-1.33,1954-04-01
1954,5,0.01,1954-05-01
1954,6,0.97,1954-06-01
1954,7,0.43,1954-07-01
1954,8,0.08,1954-08-01
1954,9,-0.94,1954-09-01
1954,10,0.52,1954-10-01
1954,11,0.72,1954-11-01
1954,12,-0.5,1954-12-01
1955,1,0.2,1955-01-01
1955,2,-1.52,1955-02-01
1955,3,-1.26,1955-03-01
1955,4,-1.97,1955-04-01
1955,5,-1.21,1955-05-01
1955,6,-2.44,1955-06-01
1955,7,-2.35,1955-07-01
1955,8,-2.25,1955-08-01
1955,9,-1.95,1955-09-01
1955,10,-2.8,1955-10-01
1955,11,-3.08,1955-11-01
1955,12,-2.75,1955-12-01
1956,1,-2.48,1956-01-01
1956,2,-2.74,1956-02-01
1956,3,-2.56,1956-03-01
1956,4,-2.17,1956-04-01
1956,5,-1.41,1956-05-01
1956,6,-1.7,1956-06-01
1956,7,-1.03,1956-07-01
1956,8,-1.16,1956-08-01
1956,9,-0.71,1956-09-01
1956,10,-2.3,1956-10-01
1956,11,-2.11,1956-11-01
1956,12,-1.28,1956-12-01
1957,1,-1.82,1957-01-01
1957,2,-0.68,1957-02-01
1957,3,0.03,1957-03-01
1957,4,-0.58,1957-04-01
1957,5,0.57,1957-05-01
1957,6,1.76,1957-06-01
1957,7,0.72,1957-07-01
1957,8,0.51,1957-08-01
1957,9,1.59,1957-09-01
1957,10,1.5,1957-10-01
1957,11,-0.32,1957-11-01
1957,12,-0.55,1957-12-01
1958,1,0.25,1958-01-01
1958,2,0.62,1958-02-01
1958,3,0.25,1958-03-01
1958,4,1.06,1958-04-01
1958,5,1.28,1958-05-01
1958,6,1.33,1958-06-01
1958,7,0.89,1958-07-01
1958,8,1.06,1958-08-01
1958,9,0.29,1958-09-01
1958,10,0.01,1958-10-01
1958,11,-0.18,1958-11-01
1958,12,0.86,1958-12-01
1959,1,0.69,1959-01-01
1959,2,-0.43,1959-02-01
1959,3,-0.95,1959-03-01
1959,4,-0.02,1959-04-01
1959,5,0.23,1959-05-01
1959,6,0.44,1959-06-01
1959,7,-0.5,1959-07-01
1959,8,-0.62,1959-08-01
1959,9,-0.85,1959-09-01
1959,10,0.52,1959-10-01
1959,11,1.11,1959-11-01
1959,12,0.06,1959-12-01
1960,1,0.3,1960-01-01
1960,2,0.52,1960-02-01
1960,3,-0.21,1960-03-01
1960,4,0.09,1960-04-01
1960,5,0.91,1960-05-01
1960,6,0.64,1960-06-01
1960,7,-0.27,1960-07-01
1960,8,-0.38,1960-08-01
1960,9,-0.94,1960-09-01
1960,10,0.09,1960-10-01
1960,11,-0.23,1960-11-01
1960,12,0.17,1960-12-01
1961,1,1.18,1961-01-01
1961,2,0.43,1961-02-01
1961,3,0.09,1961-03-01
1961,4,0.34,1961-04-01
1961,5,-0.06,1961-05-01
1961,6,-0.61,1961-06-01
1961,7,-1.22,1961-07-01
1961,8,-1.13,1961-08-01
1961,9,-2.01,1961-09-01
1961,10,-2.28,1961-10-01
1961,11,-1.85,1961-11-01
1961,12,-2.69,1961-12-01
1962,1,-1.29,1962-01-01
1962,2,-1.15,1962-02-01
1962,3,-1.42,1962-03-01
1962,4,-0.8,1962-04-01
1962,5,-1.22,1962-05-01
1962,6,-1.62,1962-06-01
1962,7,-1.46,1962-07-01
1962,8,-0.48,1962-08-01
1962,9,-1.58,1962-09-01
1962,10,-1.55,1962-10-01
1962,11,-0.37,1962-11-01
1962,12,-0.96,1962-12-01
1963,1,-0.33,1963-01-01
1963,2,-0.16,1963-02-01
1963,3,-0.54,1963-03-01
1963,4,-0.41,1963-04-01
1963,5,-0.65,1963-05-01
1963,6,-0.88,1963-06-01
1963,7,-1.0,1963-07-01
1963,8,-1.03,1963-08-01
1963,9,0.45,1963-09-01
1963,10,-0.52,1963-10-01
1963,11,-2.08,1963-11-01
1963,12,-1.08,1963-12-01
1964,1,0.01,1964-01-01
1964,2,-0.21,1964-02-01
1964,3,-0.87,1964-03-01
1964,4,-1.03,1964-04-01
1964,5,-1.91,1964-05-01
1964,6,-0.32,1964-06-01
1964,7,-0.51,1964-07-01
1964,8,-1.03,1964-08-01
1964,9,-0.68,1964-09-01
1964,10,-0.37,1964-10-01
1964,11,-0.8,1964-11-01
1964,12,-1.52,1964-12-01
1965,1,-1.24,1965-01-01
1965,2,-1.16,1965-02-01
1965,3,0.04,1965-03-01
1965,4,0.62,1965-04-01
1965,5,-0.66,1965-05-01
1965,6,-0.8,1965-06-01
1965,7,-0.47,1965-07-01
1965,8,0.2,1965-08-01
1965,9,0.59,1965-09-01
1965,10,-0.36,1965-10-01
1965,11,-0.59,1965-11-01
1965,12,0.06,1965-12-01
1966,1,-0.82,1966-01-01
1966,2,-0.03,1966-02-01
1966,3,-1.29,1966-03-01
1966,4,0.06,1966-04-01
1966,5,-0.53,1966-05-01
1966,6,0.16,1966-06-01
1966,7,0.26,1966-07-01
1966,8,-0.35,1966-08-01
1966,9,-0.33,1966-09-01
1966,10,-1.17,1966-10-01
1966,11,-1.15,1966-11-01
1966,12,-0.32,1966-12-01
1967,1,-0.2,1967-01-01
1967,2,-0.18,1967-02-01
1967,3,-1.2,1967-03-01
1967,4,-0.89,1967-04-01
1967,5,-1.24,1967-05-01
1967,6,-1.16,1967-06-01
1967,7,-0.89,1967-07-01
1967,8,-1.24,1967-08-01
1967,9,-0.72,1967-09-01
1967,10,-0.64,1967-10-01
1967,11,-0.05,1967-11-01
1967,12,-0.4,1967-12-01
1968,1,-0.95,1968-01-01
1968,2,-0.4,1968-02-01
1968,3,-0.31,1968-03-01
1968,4,-1.03,1968-04-01
1968,5,-0.53,1968-05-01
1968,6,-0.35,1968-06-01
1968,7,0.53,1968-07-01
1968,8,0.19,1968-08-01
1968,9,0.06,1968-09-01
1968,10,-0.34,1968-10-01
1968,11,-0.44,1968-11-01
1968,12,-1.27,1968-12-01
1969,1,-1.26,1969-01-01
1969,2,-0.95,1969-02-01
1969,3,-0.5,1969-03-01
1969,4,-0.44,1969-04-01
1969,5,-0.2,1969-05-01
1969,6,0.89,1969-06-01
1969,7,0.1,1969-07-01
1969,8,-0.81,1969-08-01
1969,9,-0.66,1969-09-01
1969,10,1.12,1969-10-01
1969,11,0.15,1969-11-01
1969,12,1.38,1969-12-01
1970,1,0.61,1970-01-01
1970,2,0.43,1970-02-01
1970,3,1.33,1970-03-01
1970,4,0.43,1970-04-01
1970,5,-0.49,1970-05-01
1970,6,0.06,1970-06-01
1970,7,-0.68,1970-07-01
1970,8,-1.63,1970-08-01
1970,9,-1.67,1970-09-01
1970,10,-1.39,1970-10-01
1970,11,-0.8,1970-11-01
1970,12,-0.97,1970-12-01
1971,1,-1.9,1971-01-01
1971,2,-1.74,1971-02-01
1971,3,-1.68,1971-03-01
1971,4,-1.59,1971-04-01
1971,5,-1.55,1971-05-01
1971,6,-1.55,1971-06-01
1971,7,-2.2,1971-07-01
1971,8,-0.15,1971-08-01
1971,9,0.21,1971-09-01
1971,10,-0.22,1971-10-01
1971,11,-1.25,1971-11-01
1971,12,-1.87,1971-12-01
1972,1,-1.99,1972-01-01
1972,2,-1.83,1972-02-01
1972,3,-2.09,1972-03-01
1972,4,-1.65,1972-04-01
1972,5,-1.57,1972-05-01
1972,6,-1.87,1972-06-01
1972,7,-0.83,1972-07-01
1972,8,0.25,1972-08-01
1972,9,0.17,1972-09-01
1972,10,0.11,1972-10-01
1972,11,0.57,1972-11-01
1972,12,-0.33,1972-12-01
1973,1,-0.46,1973-01-01
1973,2,-0.61,1973-02-01
1973,3,-0.5,1973-03-01
1973,4,-0.69,1973-04-01
1973,5,-0.76,1973-05-01
1973,6,-0.97,1973-06-01
1973,7,-0.57,1973-07-01
1973,8,-1.14,1973-08-01
1973,9,-0.51,1973-09-01
1973,10,-0.87,1973-10-01
1973,11,-1.81,1973-11-01
1973,12,-0.76,1973-12-01
1974,1,-1.22,1974-01-01
1974,2,-1.65,1974-02-01
1974,3,-0.9,1974-03-01
1974,4,-0.52,1974-04-01
1974,5,-0.28,1974-05-01
1974,6,-0.31,1974-06-01
1974,7,-0.08,1974-07-01
1974,8,0.27,1974-08-01
1974,9,0.44,1974-09-01
1974,10,-0.1,1974-10-01
1974,11,0.43,1974-11-01
1974,12,-0.12,1974-12-01
1975,1,-0.84,1975-01-01
1975,2,-0.71,1975-02-01
1975,3,-0.51,1975-03-01
1975,4,-1.3,1975-04-01
1975,5,-1.02,1975-05-01
1975,6,-1.16,1975-06-01
1975,7,-0.4,1975-07-01
1975,8,-1.07,1975-08-01
1975,9,-1.23,1975-09-01
1975,10,-1.29,1975-10-01
1975,11,-2.08,1975-11-01
1975,12,-1.61,1975-12-01
1976,1,-1.14,1976-01-01
1976,2,-1.85,1976-02-01
1976,3,-0.96,1976-03-01
1976,4,-0.89,1976-04-01
1976,5,-0.68,1976-05-01
1976,6,-0.67,1976-06-01
1976,7,0.61,1976-07-01
1976,8,1.28,1976-08-01
1976,9,0.82,1976-09-01
1976,10,1.11,1976-10-01
1976,11,1.25,1976-11-01
1976,12,1.22,1976-12-01
1977,1,1.65,1977-01-01
1977,2,1.11,1977-02-01
1977,3,0.72,1977-03-01
1977,4,0.3,1977-04-01
1977,5,0.31,1977-05-01
1977,6,0.42,1977-06-01
1977,7,0.19,1977-07-01
1977,8,0.64,1977-08-01
1977,9,-0.55,1977-09-01
1977,10,-0.61,1977-10-01
1977,11,-0.72,1977-11-01
1977,12,-0.69,1977-12-01
1978,1,0.34,1978-01-01
1978,2,1.45,1978-02-01
1978,3,1.34,1978-03-01
1978,4,1.29,1978-04-01
1978,5,0.9,1978-05-01
1978,6,0.15,1978-06-01
1978,7,-1.24,1978-07-01
1978,8,-0.56,1978-08-01
1978,9,-0.44,1978-09-01
1978,10,0.1,1978-10-01
1978,11,-0.07,1978-11-01
1978,12,-0.43,1978-12-01
1979,1,-0.58,1979-01-01
1979,2,-1.33,1979-02-01
1979,3,0.3,1979-03-01
1979,4,0.89,1979-04-01
1979,5,1.09,1979-05-01
1979,6,0.17,1979-06-01
1979,7,0.84,1979-07-01
1979,8,0.52,1979-08-01
1979,9,1.0,1979-09-01
1979,10,1.06,1979-10-01
1979,11,0.48,1979-11-01
1979,12,-0.42,1979-12-01
1980,1,-0.11,1980-01-01
1980,2,1.32,1980-02-01
1980,3,1.09,1980-03-01
1980,4,1.49,1980-04-01
1980,5,1.2,1980-05-01
1980,6,-0.22,1980-06-01
1980,7,0.23,1980-07-01
1980,8,0.51,1980-08-01
1980,9,0.1,1980-09-01
1980,10,1.35,1980-10-01
1980,11,0.37,1980-11-01
1980,12,-0.1,1980-12-01
1981,1,0.59,1981-01-01
1981,2,1.46,1981-02-01
1981,3,0.99,1981-03-01
1981,4,1.45,1981-04-01
1981,5,1.75,1981-05-01
1981,6,1.69,1981-06-01
1981,7,0.84,1981-07-01
1981,8,0.18,1981-08-01
1981,9,0.42,1981-09-01
1981,10,0.18,1981-10-01
1981,11,0.8,1981-11-01
1981,12,0.67,1981-12-01
1982,1,0.34,1982-01-01
1982,2,0.2,1982-02-01
1982,3,0.19,1982-03-01
1982,4,-0.19,1982-04-01
1982,5,-0.58,1982-05-01
1982,6,-0.78,1982-06-01
1982,7,0.58,1982-07-01
1982,8,0.39,1982-08-01
1982,9,0.84,1982-09-01
1982,10,0.37,1982-10-01
1982,11,-0.25,1982-11-01
1982,12,0.26,1982-12-01
1983,1,0.56,1983-01-01
1983,2,1.14,1983-02-01
1983,3,2.11,1983-03-01
1983,4,1.87,1983-04-01
1983,5,1.8,1983-05-01
1983,6,2.36,1983-06-01
1983,7,3.51,1983-07-01
1983,8,1.85,1983-08-01
1983,9,0.91,1983-09-01
1983,10,0.96,1983-10-01
1983,11,1.02,1983-11-01
1983,12,1.69,1983-12-01
1984,1,1.5,1984-01-01
1984,2,1.21,1984-02-01
1984,3,1.77,1984-03-01
1984,4,1.52,1984-04-01
1984,5,1.3,1984-05-01
1984,6,0.18,1984-06-01
1984,7,-0.18,1984-07-01
1984,8,-0.03,1984-08-01
1984,9,0.67,1984-09-01
1984,10,0.58,1984-10-01
1984,11,0.71,1984-11-01
1984,12,0.82,1984-12-01
1985,1,1.27,1985-01-01
1985,2,0.94,1985-02-01
1985,3,0.57,1985-03-01
1985,4,0.19,1985-04-01
1985,5,0.0,1985-05-01
1985,6,0.18,1985-06-01
1985,7,1.07,1985-07-01
1985,8,0.81,1985-08-01
1985,9,0.44,1985-09-01
1985,10,0.29,1985-10-01
1985,11,-0.75,1985-11-01
1985,12,0.38,1985-12-01
1986,1,1.12,1986-01-01
1986,2,1.61,1986-02-01
1986,3,2.18,1986-03-01
1986,4,1.55,1986-04-01
1986,5,1.16,1986-05-01
1986,6,0.89,1986-06-01
1986,7,1.38,1986-07-01
1986,8,0.22,1986-08-01
1986,9,0.22,1986-09-01
1986,10,1.0,1986-10-01
1986,11,1.77,1986-11-01
1986,12,1.77,1986-12-01
1987,1,1.88,1987-01-01
1987,2,1.75,1987-02-01
1987,3,2.1,1987-03-01
1987,4,2.16,1987-04-01
1987,5,1.85,1987-05-01
1987,6,0.73,1987-06-01
1987,7,2.01,1987-07-01
1987,8,2.83,1987-08-01
1987,9,2.44,1987-09-01
1987,10,1.36,1987-10-01
1987,11,1.47,1987-11-01
1987,12,1.27,1987-12-01
1988,1,0.93,1988-01-01
1988,2,1.24,1988-02-01
1988,3,1.42,1988-03-01
1988,4,0.94,1988-04-01
1988,5,1.2,1988-05-01
1988,6,0.74,1988-06-01
1988,7,0.64,1988-07-01
1988,8,0.19,1988-08-01
1988,9,-0.37,1988-09-01
1988,10,-0.1,1988-10-01
1988,11,-0.02,1988-11-01
1988,12,-0.43,1988-12-01
1989,1,-0.95,1989-01-01
1989,2,-1.02,1989-02-01
1989,3,-0.83,1989-03-01
1989,4,-0.32,1989-04-01
1989,5,0.47,1989-05-01
1989,6,0.36,1989-06-01
1989,7,0.83,1989-07-01
1989,8,0.09,1989-08-01
1989,9,0.05,1989-09-01
1989,10,-0.12,1989-10-01
1989,11,-0.5,1989-11-01
1989,12,-0.21,1989-12-01
1990,1,-0.3,1990-01-01
1990,2,-0.65,1990-02-01
1990,3,-0.62,1990-03-01
1990,4,0.27,1990-04-01
1990,5,0.44,1990-05-01
1990,6,0.44,1990-06-01
1990,7,0.27,1990-07-01
1990,8,0.11,1990-08-01
1990,9,0.38,1990-09-01
1990,10,-0.69,1990-10-01
1990,11,-1.69,1990-11-01
1990,12,-2.23,1990-12-01
1991,1,-2.02,1991-01-01
1991,2,-1.19,1991-02-01
1991,3,-0.74,1991-03-01
1991,4,-1.01,1991-04-01
1991,5,-0.51,1991-05-01
1991,6,-1.47,1991-06-01
1991,7,-0.1,1991-07-01
1991,8,0.36,1991-08-01
1991,9,0.65,1991-09-01
1991,10,0.49,1991-10-01
1991,11,0.42,1991-11-01
1991,12,0.09,1991-12-01
1992,1,0.05,1992-01-01
1992,2,0.31,1992-02-01
1992,3,0.67,1992-03-01
1992,4,0.75,1992-04-01
1992,5,1.54,1992-05-01
1992,6,1.26,1992-06-01
1992,7,1.9,1992-07-01
1992,8,1.44,1992-08-01
1992,9,0.83,1992-09-01
1992,10,0.93,1992-10-01
1992,11,0.93,1992-11-01
1992,12,0.53,1992-12-01
1993,1,0.05,1993-01-01
1993,2,0.19,1993-02-01
1993,3,0.76,1993-03-01
1993,4,1.21,1993-04-01
1993,5,2.13,1993-05-01
1993,6,2.34,1993-06-01
1993,7,2.35,1993-07-01
1993,8,2.69,1993-08-01
1993,9,1.56,1993-09-01
1993,10,1.41,1993-10-01
1993,11,1.24,1993-11-01
1993,12,1.07,1993-12-01
1994,1,1.21,1994-01-01
1994,2,0.59,1994-02-01
1994,3,0.8,1994-03-01
1994,4,1.05,1994-04-01
1994,5,1.23,1994-05-01
1994,6,0.46,1994-06-01
1994,7,0.06,1994-07-01
1994,8,-0.79,1994-08-01
1994,9,-1.36,1994-09-01
1994,10,-1.32,1994-10-01
1994,11,-1.96,1994-11-01
1994,12,-1.79,1994-12-01
1995,1,-0.49,1995-01-01
1995,2,0.46,1995-02-01
1995,3,0.75,1995-03-01
1995,4,0.83,1995-04-01
1995,5,1.46,1995-05-01
1995,6,1.27,1995-06-01
1995,7,1.71,1995-07-01
1995,8,0.21,1995-08-01
1995,9,1.16,1995-09-01
1995,10,0.47,1995-10-01
1995,11,-0.28,1995-11-01
1995,12,0.16,1995-12-01
1996,1,0.59,1996-01-01
1996,2,0.75,1996-02-01
1996,3,1.01,1996-03-01
1996,4,1.46,1996-04-01
1996,5,2.18,1996-05-01
1996,6,1.1,1996-06-01
1996,7,0.77,1996-07-01
1996,8,-0.14,1996-08-01
1996,9,0.24,1996-09-01
1996,10,-0.33,1996-10-01
1996,11,0.09,1996-11-01
1996,12,-0.03,1996-12-01
1997,1,0.23,1997-01-01
1997,2,0.28,1997-02-01
1997,3,0.65,1997-03-01
1997,4,1.05,1997-04-01
1997,5,1.83,1997-05-01
1997,6,2.76,1997-06-01
1997,7,2.35,1997-07-01
1997,8,2.79,1997-08-01
1997,9,2.19,1997-09-01
1997,10,1.61,1997-10-01
1997,11,1.12,1997-11-01
1997,12,0.67,1997-12-01
1998,1,0.83,1998-01-01
1998,2,1.56,1998-02-01
1998,3,2.01,1998-03-01
1998,4,1.27,1998-04-01
1998,5,0.7,1998-05-01
1998,6,0.4,1998-06-01
1998,7,-0.04,1998-07-01
1998,8,-0.22,1998-08-01
1998,9,-1.21,1998-09-01
1998,10,-1.39,1998-10-01
1998,11,-0.52,1998-11-01
1998,12,-0.44,1998-12-01
1999,1,-0.32,1999-01-01
1999,2,-0.66,1999-02-01
1999,3,-0.33,1999-03-01
1999,4,-0.41,1999-04-01
1999,5,-0.68,1999-05-01
1999,6,-1.3,1999-06-01
1999,7,-0.66,1999-07-01
1999,8,-0.96,1999-08-01
1999,9,-1.53,1999-09-01
1999,10,-2.23,1999-10-01
1999,11,-2.05,1999-11-01
1999,12,-1.63,1999-12-01
2000,1,-2.0,2000-01-01
2000,2,-0.83,2000-02-01
2000,3,0.29,2000-03-01
2000,4,0.35,2000-04-01
2000,5,-0.05,2000-05-01
2000,6,-0.44,2000-06-01
2000,7,-0.66,2000-07-01
2000,8,-1.19,2000-08-01
2000,9,-1.24,2000-09-01
2000,10,-1.3,2000-10-01
2000,11,-0.53,2000-11-01
2000,12,0.52,2000-12-01
2001,1,0.6,2001-01-01
2001,2,0.29,2001-02-01
2001,3,0.45,2001-03-01
2001,4,-0.31,2001-04-01
2001,5,-0.3,2001-05-01
2001,6,-0.47,2001-06-01
2001,7,-1.31,2001-07-01
2001,8,-0.77,2001-08-01
2001,9,-1.37,2001-09-01
2001,10,-1.37,2001-10-01
2001,11,-1.26,2001-11-01
2001,12,-0.93,2001-12-01
2002,1,0.27,2002-01-01
2002,2,-0.64,2002-02-01
2002,3,-0.43,2002-03-01
2002,4,-0.32,2002-04-01
2002,5,-0.63,2002-05-01
2002,6,-0.35,2002-06-01
2002,7,-0.31,2002-07-01
2002,8,0.6,2002-08-01
2002,9,0.43,2002-09-01
2002,10,0.42,2002-10-01
2002,11,1.51,2002-11-01
2002,12,2.1,2002-12-01
2003,1,2.09,2003-01-01
2003,2,1.75,2003-02-01
2003,3,1.51,2003-03-01
2003,4,1.18,2003-04-01
2003,5,0.89,2003-05-01
2003,6,0.68,2003-06-01
2003,7,0.96,2003-07-01
2003,8,0.88,2003-08-01
2003,9,0.01,2003-09-01
2003,10,0.83,2003-10-01
2003,11,0.52,2003-11-01
2003,12,0.33,2003-12-01
2004,1,0.43,2004-01-01
2004,2,0.48,2004-02-01
2004,3,0.61,2004-03-01
2004,4,0.57,2004-04-01
2004,5,0.88,2004-05-01
2004,6,0.04,2004-06-01
2004,7,0.44,2004-07-01
2004,8,0.85,2004-08-01
2004,9,0.75,2004-09-01
2004,10,-0.11,2004-10-01
2004,11,-0.63,2004-11-01
2004,12,-0.17,2004-12-01
2005,1,0.44,2005-01-01
2005,2,0.81,2005-02-01
2005,3,1.36,2005-03-01
2005,4,1.03,2005-04-01
2005,5,1.86,2005-05-01
2005,6,1.17,2005-06-01
2005,7,0.66,2005-07-01
2005,8,0.25,2005-08-01
2005,9,-0.46,2005-09-01
2005,10,-1.32,2005-10-01
2005,11,-1.5,2005-11-01
2005,12,0.2,2005-12-01
2006,1,1.03,2006-01-01
2006,2,0.66,2006-02-01
2006,3,0.05,2006-03-01
2006,4,0.4,2006-04-01
2006,5,0.48,2006-05-01
2006,6,1.04,2006-06-01
2006,7,0.35,2006-07-01
2006,8,-0.65,2006-08-01
2006,9,-0.94,2006-09-01
2006,10,-0.05,2006-10-01
2006,11,-0.22,2006-11-01
2006,12,0.14,2006-12-01
2007,1,0.01,2007-01-01
2007,2,0.04,2007-02-01
2007,3,-0.36,2007-03-01
2007,4,0.16,2007-04-01
2007,5,-0.1,2007-05-01
2007,6,0.09,2007-06-01
2007,7,0.78,2007-07-01
2007,8,0.5,2007-08-01
2007,9,-0.36,2007-09-01
2007,10,-1.45,2007-10-01
2007,11,-1.08,2007-11-01
2007,12,-0.58,2007-12-01
2008,1,-1.0,2008-01-01
2008,2,-0.77,2008-02-01
2008,3,-0.71,2008-03-01
2008,4,-1.52,2008-04-01
2008,5,-1.37,2008-05-01
2008,6,-1.34,2008-06-01
2008,7,-1.67,2008-07-01
2008,8,-1.7,2008-08-01
2008,9,-1.55,2008-09-01
2008,10,-1.76,2008-10-01
2008,11,-1.25,2008-11-01
2008,12,-0.87,2008-12-01
2009,1,-1.4,2009-01-01
2009,2,-1.55,2009-02-01
2009,3,-1.59,2009-03-01
2009,4,-1.65,2009-04-01
2009,5,-0.88,2009-05-01
2009,6,-0.31,2009-06-01
2009,7,-0.53,2009-07-01
2009,8,0.09,2009-08-01
2009,9,0.52,2009-09-01
2009,10,0.27,2009-10-01
2009,11,-0.4,2009-11-01
2009,12,0.08,2009-12-01
2010,1,0.83,2010-01-01
2010,2,0.82,2010-02-01
2010,3,0.44,2010-03-01
2010,4,0.78,2010-04-01
2010,5,0.62,2010-05-01
2010,6,-0.22,2010-06-01
2010,7,-1.05,2010-07-01
2010,8,-1.27,2010-08-01
2010,9,-1.61,2010-09-01
2010,10,-1.06,2010-10-01
2010,11,-0.82,2010-11-01
2010,12,-1.21,2010-12-01
2011,1,-0.92,2011-01-01
2011,2,-0.83,2011-02-01
2011,3,-0.69,2011-03-01
2011,4,-0.42,2011-04-01
2011,5,-0.37,2011-05-01
2011,6,-0.69,2011-06-01
2011,7,-1.86,2011-07-01
2011,8,-1.74,2011-08-01
2011,9,-1.79,2011-09-01
2011,10,-1.34,2011-10-01
2011,11,-2.33,2011-11-01
2011,12,-1.79,2011-12-01
2012,1,-1.38,2012-01-01
2012,2,-0.85,2012-02-01
2012,3,-1.05,2012-03-01
2012,4,-0.27,2012-04-01
2012,5,-1.26,2012-05-01
2012,6,-0.87,2012-06-01
2012,7,-1.52,2012-07-01
2012,8,-1.93,2012-08-01
2012,9,-2.21,2012-09-01
2012,10,-0.79,2012-10-01
2012,11,-0.59,2012-11-01
2012,12,-0.48,2012-12-01
2013,1,-0.13,2013-01-01
2013,2,-0.43,2013-02-01
2013,3,-0.63,2013-03-01
2013,4,-0.16,2013-04-01
2013,5,0.08,2013-05-01
2013,6,-0.78,2013-06-01
2013,7,-1.25,2013-07-01
2013,8,-1.04,2013-08-01
2013,9,-0.48,2013-09-01
2013,10,-0.87,2013-10-01
2013,11,-0.11,2013-11-01
2013,12,-0.41,2013-12-01
2014,1,0.3,2014-01-01
2014,2,0.38,2014-02-01
2014,3,0.97,2014-03-01
2014,4,1.13,2014-04-01
2014,5,1.8,2014-05-01
2014,6,0.82,2014-06-01
2014,7,0.7,2014-07-01
2014,8,0.67,2014-08-01
2014,9,1.08,2014-09-01
2014,10,1.49,2014-10-01
2014,11,1.72,2014-11-01
2014,12,2.51,2014-12-01
2015,1,2.45,2015-01-01
2015,2,2.3,2015-02-01
2015,3,2.0,2015-03-01
2015,4,1.44,2015-04-01
2015,5,1.2,2015-05-01
2015,6,1.54,2015-06-01
2015,7,1.84,2015-07-01
2015,8,1.56,2015-08-01
2015,9,1.94,2015-09-01
2015,10,1.47,2015-10-01
2015,11,0.86,2015-11-01
2015,12,1.01,2015-12-01
2016,1,1.53,2016-01-01
2016,2,1.75,2016-02-01
2016,3,2.4,2016-03-01
2016,4,2.62,2016-04-01
2016,5,2.35,2016-05-01
2016,6,2.03,2016-06-01
2016,7,1.25,2016-07-01
2016,8,0.52,2016-08-01
2016,9,0.45,2016-09-01
2016,10,0.56,2016-10-01
2016,11,1.88,2016-11-01
2016,12,1.17,2016-12-01
2017,1,0.77,2017-01-01
2017,2,0.7,2017-02-01
2017,3,0.74,2017-03-01
2017,4,1.12,2017-04-01
2017,5,0.88,2017-05-01
2017,6,0.79,2017-06-01
2017,7,0.1,2017-07-01
2017,8,0.09,2017-08-01
2017,9,0.32,2017-09-01
2017,10,0.05,2017-10-01
2017,11,0.15,2017-11-01
2017,12,0.5,2017-12-01
2018,1,0.7,2018-01-01
2018,2,0.37,2018-02-01
2018,3,-0.05,2018-03-01
2018,4,0.11,2018-04-01
2018,5,0.11,2018-05-01
2018,6,-0.04,2018-06-01
2018,7,0.11,2018-07-01
2018,8,0.18,2018-08-01
2018,9,0.09,2018-09-01
2018,10,0.26,2018-10-01
2018,11,-0.05,2018-11-01
2018,12,0.52,2018-12-01
2019,1,0.66,2019-01-01
2019,2,0.46,2019-02-01
2019,3,0.37,2019-03-01
2019,4,1.07,2019-04-01
2019,5,1.03,2019-05-01
2019,6,1.09,2019-06-01
2019,7,1.03,2019-07-01
2019,8,0.38,2019-08-01
2019,9,0.41,2019-09-01
2019,10,-0.45,2019-10-01
2019,11,0.15,2019-11-01
2019,12,0.97,2019-12-01
2020,1,-0.23,2020-01-01
2020,2,-0.68,2020-02-01
2020,3,-0.82,2020-03-01
2020,4,-0.57,2020-04-01
2020,5,0.09,2020-05-01
2020,6,-0.08,2020-06-01
2020,7,-0.38,2020-07-01
2020,8,-0.28,2020-08-01
2020,9,-0.7,2020-09-01
2020,10,-0.69,2020-10-01
2020,11,-1.12,2020-11-01
2020,12,-0.9,2020-12-01
2021,1,-0.16,2021-01-01
2021,2,-0.54,2021-02-01
2021,3,-1.17,2021-03-01
2021,4,-0.91,2021-04-01
2021,5,-0.94,2021-05-01
2021,6,-1.18,2021-06-01
2021,7,-1.87,2021-07-01
2021,8,-1.12,2021-08-01
2021,9,-1.53,2021-09-01
2021,10,-2.55,2021-10-01
2021,11,-2.52,2021-11-01
2021,12,-2.0,2021-12-01
2022,1,-1.24,2022-01-01
2022,2,-1.08,2022-02-01
2022,3,-1.0,2022-03-01
2022,4,-1.51,2022-04-01
2022,5,-1.92,2022-05-01
2022,6,-1.21,2022-06-01
2022,7,-2.86,2022-07-01
2022,8,-1.92,2022-08-01
2022,9,-1.82,2022-09-01
2022,10,-1.51,2022-10-01
2022,11,-2.12,2022-11-01
2022,12,-1.98,2022-12-01
2023,1,-0.92,2023-01-01
2023,2,-1.09,2023-02-01
2023,3,-1.63,2023-03-01
2023,4,-2.18,2023-04-01
2023,5,-1.69,2023-05-01
2023,6,-1.89,2023-06-01
2023,7,-1.85,2023-07-01
2023,8,-1.68,2023-08-01
2023,9,-2.14,2023-09-01
2023,10,-1.61,2023-10-01
2023,11,-1.31,2023-11-01
2023,12,-1.24,2023-12-01
2024,1,-0.85,2024-01-01
2024,2,-0.43,2024-02-01
2024,3,-0.56,2024-03-01
2024,4,-1.06,2024-04-01
2024,5,-2.15,2024-05-01
2024,6,-2.41,2024-06-01
2024,7,-1.97,2024-07-01
2024,8,-1.88,2024-08-01
2024,9,-2.64,2024-09-01
2024,10,-2.92,2024-10-01
2024,11,-2.41,2024-11-01
2024,12,-1.61,2024-12-01
2025,1,-0.78,2025-01-01
2025,2,-0.82,2025-02-01
2025,3,-0.41,2025-03-01
2025,4,-0.57,2025-04-01
2025,5,-1.14,2025-05-01
2025,6,-2.32,2025-06-01
2025,7,-3.51,2025-07-01
2025,8,-2.71,2025-08-01
2025,9,-9.9,2025-09-01
2025,10,-9.9,2025-10-01
2025,11,-9.9,2025-11-01
2025,12,-9.9,2025-12-01
